download_id;user_id;app_id;download_date
1;1478;30;2025-06-20
2;282;47;2025-04-30
3;1831;16;2025-04-22
4;1184;90;2025-03-03
5;842;75;2025-05-30
6;953;45;2025-01-23
7;640;90;2025-01-15
8;1851;70;2025-05-19
9;930;32;2025-05-03
10;213;86;2025-04-01
11;450;41;2025-03-07
12;1307;38;2025-02-01
13;332;29;2025-03-12
14;1108;49;2025-02-28
15;311;50;2025-04-12
16;894;86;2025-01-19
17;683;79;2025-04-16
18;1095;72;2025-01-23
19;1354;1;2025-03-20
20;76;19;2025-01-16
21;692;8;2025-04-16
22;243;94;2025-06-20
23;1518;25;2025-03-03
24;1858;45;2025-01-13
25;1019;27;2025-06-08
26;452;36;2025-02-22
27;282;20;2025-02-26
28;1896;84;2025-01-13
29;274;90;2025-06-11
30;14;56;2025-02-18
31;1922;23;2025-06-08
32;369;51;2025-06-08
33;1947;9;2025-06-12
34;450;39;2025-06-11
35;109;27;2025-01-31
36;1632;26;2025-06-26
37;685;55;2025-04-28
38;1596;60;2025-03-28
39;112;48;2025-02-10
40;365;18;2025-04-07
41;1295;22;2025-03-12
42;1745;100;2025-04-29
43;451;1;2025-06-07
44;982;90;2025-04-28
45;1499;64;2025-02-26
46;983;60;2025-02-13
47;1531;12;2025-01-08
48;682;81;2025-01-09
49;608;85;2025-03-12
50;971;91;2025-04-20
51;388;67;2025-01-06
52;1786;87;2025-05-16
53;912;12;2025-03-22
54;488;58;2025-01-12
55;764;4;2025-05-22
56;320;70;2025-05-22
57;732;85;2025-03-25
58;651;92;2025-06-04
59;180;34;2025-04-27
60;368;13;2025-06-28
61;281;15;2025-03-15
62;1460;38;2025-06-29
63;1549;98;2025-04-17
64;1525;64;2025-03-01
65;264;33;2025-06-26
66;465;8;2025-02-03
67;871;22;2025-01-21
68;1885;81;2025-02-23
69;722;37;2025-05-11
70;203;7;2025-01-06
71;1084;66;2025-02-20
72;1886;37;2025-05-04
73;1710;74;2025-04-09
74;869;90;2025-05-12
75;1560;82;2025-02-02
76;955;35;2025-05-16
77;1479;76;2025-01-23
78;1519;17;2025-01-19
79;251;18;2025-05-08
80;907;28;2025-01-11
81;276;20;2025-04-10
82;115;13;2025-03-10
83;657;39;2025-01-09
84;1715;62;2025-03-31
85;235;48;2025-02-13
86;1018;12;2025-06-22
87;439;67;2025-03-10
88;1647;91;2025-04-24
89;1359;18;2025-03-24
90;410;33;2025-04-14
91;515;76;2025-05-15
92;1354;13;2025-03-12
93;1920;81;2025-06-07
94;547;4;2025-06-18
95;394;15;2025-03-05
96;865;67;2025-02-24
97;1349;65;2025-02-15
98;1233;18;2025-01-17
99;1705;98;2025-04-11
100;447;80;2025-01-29
101;901;75;2025-03-09
102;1005;70;2025-04-06
103;1118;65;2025-05-05
104;1879;50;2025-03-07
105;1309;18;2025-06-27
106;1689;82;2025-06-28
107;626;25;2025-05-29
108;1563;85;2025-06-05
109;1996;20;2025-02-22
110;29;77;2025-04-23
111;1462;27;2025-02-19
112;1229;90;2025-03-15
113;1489;64;2025-04-20
114;483;46;2025-04-27
115;1141;7;2025-01-15
116;1906;45;2025-05-01
117;291;12;2025-01-31
118;1699;45;2025-05-14
119;964;71;2025-02-12
120;994;46;2025-05-09
121;1779;42;2025-02-17
122;1685;98;2025-05-28
123;1196;18;2025-05-16
124;583;99;2025-04-12
125;60;66;2025-04-29
126;1348;89;2025-03-28
127;190;57;2025-03-09
128;1072;8;2025-03-18
129;1165;24;2025-05-23
130;1611;73;2025-04-13
131;93;85;2025-04-18
132;1988;90;2025-01-07
133;45;53;2025-02-13
134;1167;7;2025-01-14
135;1738;48;2025-05-31
136;549;20;2025-05-03
137;476;10;2025-02-28
138;97;49;2025-04-03
139;697;20;2025-01-14
140;1836;42;2025-06-27
141;1492;68;2025-04-24
142;175;42;2025-04-08
143;1613;20;2025-02-06
144;741;14;2025-04-26
145;119;25;2025-03-20
146;859;39;2025-06-26
147;1436;5;2025-03-21
148;17;51;2025-05-17
149;828;73;2025-06-16
150;1131;54;2025-05-16
151;929;60;2025-03-04
152;479;26;2025-03-20
153;757;64;2025-04-16
154;1197;55;2025-06-15
155;868;81;2025-06-27
156;248;28;2025-05-27
157;603;21;2025-01-09
158;635;82;2025-04-27
159;1775;26;2025-01-23
160;1069;46;2025-05-02
161;1349;10;2025-02-16
162;347;2;2025-06-08
163;1969;63;2025-02-17
164;799;51;2025-03-25
165;1541;26;2025-05-31
166;1164;35;2025-04-26
167;172;38;2025-02-23
168;1665;26;2025-06-10
169;810;40;2025-02-05
170;1811;44;2025-06-13
171;1139;37;2025-04-12
172;253;3;2025-04-08
173;18;98;2025-05-01
174;759;42;2025-04-25
175;1888;45;2025-02-21
176;1448;44;2025-02-24
177;1166;96;2025-05-09
178;360;85;2025-05-31
179;532;89;2025-02-28
180;97;26;2025-04-19
181;686;12;2025-05-28
182;1655;40;2025-03-01
183;1413;64;2025-01-23
184;1879;59;2025-02-21
185;129;90;2025-01-10
186;176;100;2025-01-09
187;618;71;2025-06-11
188;1771;14;2025-06-20
189;1278;85;2025-04-28
190;1060;50;2025-06-01
191;26;83;2025-01-19
192;262;11;2025-05-31
193;893;74;2025-06-17
194;756;17;2025-05-13
195;700;22;2025-06-21
196;450;89;2025-06-14
197;1692;86;2025-04-05
198;399;26;2025-04-04
199;90;83;2025-02-21
200;1658;13;2025-06-22
201;1806;23;2025-01-19
202;243;32;2025-02-06
203;1091;46;2025-06-28
204;1563;8;2025-06-01
205;507;49;2025-06-13
206;1022;50;2025-04-30
207;822;97;2025-06-18
208;75;56;2025-03-01
209;1540;66;2025-03-18
210;243;53;2025-04-04
211;675;2;2025-03-19
212;1752;57;2025-03-10
213;1480;56;2025-03-31
214;1733;63;2025-04-21
215;1578;11;2025-02-25
216;462;24;2025-04-21
217;1203;67;2025-05-27
218;1290;50;2025-06-05
219;973;89;2025-03-26
220;143;92;2025-03-15
221;422;76;2025-03-17
222;1062;58;2025-02-15
223;322;90;2025-02-05
224;1957;72;2025-02-06
225;674;27;2025-05-07
226;1435;89;2025-04-12
227;1431;12;2025-03-04
228;1564;95;2025-06-26
229;734;61;2025-02-25
230;100;95;2025-02-22
231;1903;97;2025-04-09
232;425;65;2025-04-14
233;1923;66;2025-02-02
234;1278;94;2025-01-14
235;618;38;2025-05-11
236;352;83;2025-01-27
237;1229;49;2025-06-14
238;920;3;2025-05-13
239;1290;48;2025-01-18
240;258;89;2025-02-14
241;1679;82;2025-01-07
242;1750;9;2025-03-20
243;119;32;2025-04-21
244;1364;9;2025-03-09
245;302;66;2025-03-07
246;340;19;2025-03-08
247;1982;14;2025-06-20
248;224;44;2025-03-30
249;199;73;2025-06-29
250;856;29;2025-04-17
251;1658;79;2025-03-09
252;1284;62;2025-01-28
253;601;89;2025-04-09
254;481;99;2025-05-05
255;1363;87;2025-01-13
256;1298;82;2025-01-13
257;993;73;2025-06-07
258;891;47;2025-02-13
259;976;91;2025-06-23
260;1630;75;2025-02-27
261;1909;54;2025-06-05
262;1865;20;2025-06-17
263;655;55;2025-06-25
264;1913;85;2025-05-16
265;597;78;2025-01-18
266;866;26;2025-04-03
267;1552;58;2025-04-13
268;579;93;2025-07-01
269;1541;66;2025-01-15
270;1341;93;2025-05-30
271;1337;100;2025-06-30
272;1772;51;2025-03-14
273;24;81;2025-02-01
274;1171;78;2025-01-28
275;667;9;2025-05-21
276;379;84;2025-07-02
277;1462;47;2025-02-23
278;369;33;2025-05-24
279;916;8;2025-02-03
280;174;50;2025-05-12
281;612;69;2025-05-22
282;1103;60;2025-02-24
283;76;98;2025-02-07
284;1851;30;2025-04-16
285;360;29;2025-03-22
286;1084;49;2025-07-01
287;556;92;2025-01-26
288;1837;93;2025-02-15
289;1929;89;2025-03-21
290;1300;41;2025-01-21
291;1495;31;2025-01-26
292;339;77;2025-01-18
293;1042;1;2025-05-04
294;1263;45;2025-01-05
295;1463;75;2025-07-02
296;1095;19;2025-03-05
297;919;39;2025-06-25
298;724;100;2025-04-22
299;1743;77;2025-03-16
300;1512;75;2025-04-12
301;612;56;2025-01-28
302;11;15;2025-02-19
303;964;25;2025-04-06
304;287;36;2025-04-23
305;12;57;2025-02-22
306;329;65;2025-05-05
307;863;100;2025-05-23
308;1539;10;2025-05-12
309;1487;42;2025-02-05
310;1559;34;2025-03-07
311;1496;80;2025-06-07
312;1903;66;2025-04-22
313;689;1;2025-05-06
314;575;13;2025-04-18
315;883;51;2025-03-08
316;1943;49;2025-04-05
317;1817;63;2025-02-05
318;139;16;2025-04-19
319;1990;87;2025-02-13
320;897;58;2025-04-10
321;531;69;2025-02-27
322;238;98;2025-06-18
323;712;85;2025-04-07
324;450;15;2025-02-17
325;914;14;2025-04-25
326;578;37;2025-03-23
327;1489;53;2025-06-04
328;1564;15;2025-02-05
329;1556;100;2025-04-26
330;680;64;2025-02-11
331;1116;100;2025-01-27
332;1048;72;2025-02-06
333;788;83;2025-05-06
334;1835;28;2025-06-07
335;310;8;2025-04-23
336;372;47;2025-02-09
337;1675;26;2025-04-02
338;1793;14;2025-03-13
339;756;65;2025-01-21
340;303;96;2025-04-25
341;1478;80;2025-01-20
342;232;98;2025-04-21
343;1091;82;2025-03-02
344;179;68;2025-04-05
345;1962;62;2025-01-30
346;1991;74;2025-03-05
347;1971;43;2025-04-07
348;1977;43;2025-04-07
349;1703;58;2025-02-08
350;843;42;2025-04-24
351;1706;39;2025-06-25
352;1028;93;2025-03-02
353;449;48;2025-02-19
354;491;51;2025-02-12
355;835;33;2025-01-27
356;1203;86;2025-05-04
357;192;28;2025-02-26
358;1072;27;2025-04-27
359;428;6;2025-06-06
360;1570;85;2025-05-22
361;1777;27;2025-05-09
362;140;27;2025-05-31
363;745;25;2025-01-25
364;1563;79;2025-06-19
365;1893;19;2025-02-03
366;922;84;2025-06-27
367;117;9;2025-07-02
368;823;25;2025-01-19
369;650;47;2025-06-06
370;970;63;2025-01-15
371;867;46;2025-03-08
372;1973;55;2025-02-14
373;1411;22;2025-06-29
374;1169;83;2025-01-05
375;160;27;2025-06-10
376;75;73;2025-02-21
377;878;9;2025-02-16
378;581;3;2025-01-28
379;1191;96;2025-06-22
380;594;46;2025-02-25
381;781;14;2025-02-21
382;1860;28;2025-01-03
383;1040;75;2025-03-11
384;1718;13;2025-06-23
385;881;30;2025-05-25
386;1994;96;2025-02-21
387;1642;61;2025-04-21
388;325;57;2025-03-02
389;57;23;2025-05-21
390;1488;92;2025-03-09
391;228;73;2025-06-03
392;157;37;2025-06-26
393;369;79;2025-01-06
394;1120;62;2025-02-13
395;1889;38;2025-03-06
396;355;15;2025-06-26
397;211;98;2025-06-02
398;1276;61;2025-06-05
399;785;100;2025-02-23
400;343;69;2025-05-12
401;1947;9;2025-04-02
402;503;97;2025-02-25
403;1841;26;2025-05-24
404;1666;74;2025-02-22
405;404;81;2025-05-09
406;1868;33;2025-03-14
407;99;35;2025-01-22
408;493;18;2025-05-04
409;1144;44;2025-06-18
410;1374;69;2025-05-01
411;758;13;2025-01-16
412;825;57;2025-06-02
413;566;45;2025-06-05
414;135;48;2025-01-27
415;1433;15;2025-04-13
416;805;30;2025-02-26
417;1504;24;2025-05-09
418;1514;31;2025-06-26
419;1396;77;2025-02-13
420;1392;53;2025-06-04
421;617;12;2025-05-13
422;391;57;2025-05-31
423;1899;56;2025-05-01
424;998;36;2025-01-18
425;1363;3;2025-02-12
426;1911;52;2025-03-07
427;376;12;2025-04-24
428;261;13;2025-05-23
429;200;89;2025-05-26
430;987;54;2025-01-19
431;1152;41;2025-02-07
432;1409;9;2025-02-01
433;213;94;2025-01-09
434;886;91;2025-06-13
435;19;81;2025-04-02
436;715;20;2025-04-10
437;1051;27;2025-02-15
438;1344;74;2025-03-31
439;1608;14;2025-04-14
440;140;31;2025-04-09
441;1452;95;2025-06-20
442;1306;59;2025-05-25
443;410;52;2025-03-07
444;1289;73;2025-02-25
445;1695;2;2025-05-10
446;62;76;2025-03-29
447;1893;67;2025-03-04
448;462;8;2025-04-23
449;1401;17;2025-05-23
450;1569;2;2025-07-01
451;1838;94;2025-04-07
452;1531;56;2025-05-27
453;94;67;2025-03-05
454;117;37;2025-04-25
455;644;65;2025-06-05
456;266;25;2025-04-12
457;1014;8;2025-02-26
458;1566;25;2025-02-01
459;1864;58;2025-03-28
460;1890;75;2025-06-01
461;950;12;2025-05-30
462;514;1;2025-01-07
463;644;60;2025-04-26
464;466;39;2025-02-09
465;481;86;2025-01-28
466;159;6;2025-04-24
467;1169;1;2025-06-26
468;51;94;2025-06-06
469;53;40;2025-06-07
470;1964;36;2025-05-27
471;1866;91;2025-03-29
472;1591;68;2025-06-23
473;342;40;2025-04-20
474;540;47;2025-05-03
475;1522;21;2025-02-03
476;1781;45;2025-04-22
477;1428;59;2025-03-03
478;1480;89;2025-01-21
479;1330;93;2025-04-09
480;1042;4;2025-03-15
481;662;7;2025-03-26
482;1551;65;2025-02-07
483;566;46;2025-06-12
484;1716;25;2025-06-14
485;311;67;2025-02-18
486;1143;53;2025-02-25
487;507;35;2025-02-02
488;549;21;2025-02-26
489;550;21;2025-02-28
490;696;69;2025-03-21
491;407;74;2025-05-19
492;1133;22;2025-01-05
493;157;56;2025-05-13
494;1050;85;2025-03-21
495;562;40;2025-02-23
496;659;54;2025-06-04
497;483;62;2025-05-02
498;80;3;2025-05-07
499;210;98;2025-05-15
500;301;61;2025-02-14
501;620;39;2025-02-02
502;494;90;2025-04-13
503;773;18;2025-07-02
504;1087;84;2025-06-06
505;1721;45;2025-05-24
506;905;67;2025-06-28
507;247;14;2025-04-23
508;1281;63;2025-05-30
509;1508;86;2025-02-05
510;826;69;2025-06-22
511;1372;41;2025-01-17
512;396;11;2025-02-08
513;1493;10;2025-01-25
514;239;14;2025-02-19
515;1307;5;2025-04-28
516;636;89;2025-04-09
517;1711;89;2025-03-14
518;1324;16;2025-02-24
519;65;93;2025-05-15
520;662;58;2025-05-27
521;774;38;2025-01-12
522;735;24;2025-02-10
523;382;75;2025-04-26
524;692;67;2025-06-24
525;303;68;2025-02-15
526;436;35;2025-06-22
527;498;32;2025-04-10
528;264;68;2025-02-06
529;819;18;2025-03-16
530;742;24;2025-05-09
531;1686;13;2025-06-07
532;1024;50;2025-01-14
533;793;30;2025-01-11
534;535;99;2025-02-17
535;1652;7;2025-03-31
536;330;60;2025-02-05
537;1406;55;2025-01-04
538;1991;30;2025-01-31
539;1491;8;2025-04-25
540;100;44;2025-03-16
541;1297;16;2025-04-23
542;1991;85;2025-06-28
543;1166;80;2025-01-14
544;1947;61;2025-06-19
545;1261;97;2025-05-22
546;1558;87;2025-03-13
547;1602;55;2025-06-21
548;655;5;2025-04-24
549;826;100;2025-06-20
550;593;52;2025-02-13
551;217;43;2025-05-10
552;1692;88;2025-02-10
553;591;18;2025-05-18
554;1700;8;2025-04-30
555;1859;76;2025-04-09
556;1031;50;2025-06-03
557;666;2;2025-03-06
558;341;69;2025-06-10
559;967;60;2025-04-06
560;1769;16;2025-02-12
561;359;8;2025-02-23
562;661;68;2025-03-19
563;496;26;2025-04-29
564;1025;31;2025-06-05
565;1716;89;2025-02-12
566;1810;36;2025-01-31
567;299;51;2025-05-31
568;696;79;2025-03-05
569;1630;92;2025-02-25
570;1218;61;2025-02-05
571;1461;55;2025-06-22
572;1743;52;2025-05-31
573;25;90;2025-04-07
574;1477;3;2025-05-15
575;1072;78;2025-04-08
576;360;39;2025-04-10
577;460;76;2025-03-16
578;1857;41;2025-05-18
579;915;66;2025-05-15
580;1131;50;2025-01-26
581;441;61;2025-05-06
582;1475;52;2025-06-15
583;399;93;2025-06-14
584;555;5;2025-06-13
585;1379;47;2025-01-27
586;1896;13;2025-03-29
587;321;72;2025-04-13
588;1250;26;2025-03-28
589;1960;15;2025-05-04
590;1914;75;2025-04-06
591;1489;85;2025-03-24
592;153;2;2025-02-11
593;769;52;2025-01-29
594;812;85;2025-01-15
595;66;7;2025-03-27
596;579;64;2025-03-29
597;1158;81;2025-05-25
598;1176;8;2025-06-07
599;954;31;2025-02-08
600;1233;54;2025-02-04
601;1107;10;2025-01-20
602;556;74;2025-02-25
603;1582;89;2025-01-09
604;627;59;2025-06-11
605;680;77;2025-05-03
606;348;86;2025-01-28
607;231;53;2025-05-01
608;962;31;2025-02-03
609;1960;86;2025-06-24
610;512;52;2025-03-07
611;1210;59;2025-05-14
612;1183;32;2025-02-04
613;1343;97;2025-03-30
614;699;67;2025-05-24
615;1105;15;2025-06-30
616;767;68;2025-01-29
617;1394;75;2025-06-14
618;1;2;2025-03-08
619;1547;13;2025-02-07
620;1522;72;2025-04-29
621;1793;5;2025-01-11
622;1284;82;2025-04-20
623;461;91;2025-01-29
624;1772;45;2025-03-05
625;1211;26;2025-06-21
626;1453;73;2025-04-18
627;1670;30;2025-01-13
628;1494;9;2025-03-07
629;1994;36;2025-03-14
630;415;94;2025-05-06
631;1835;59;2025-02-10
632;1192;23;2025-05-11
633;1168;3;2025-03-26
634;1140;71;2025-05-28
635;819;38;2025-04-12
636;1107;31;2025-01-23
637;953;19;2025-05-31
638;1211;91;2025-01-19
639;1147;27;2025-05-25
640;977;22;2025-01-19
641;246;97;2025-06-08
642;1330;37;2025-02-01
643;1436;25;2025-04-17
644;781;63;2025-02-06
645;1024;30;2025-02-18
646;465;18;2025-06-16
647;926;72;2025-05-17
648;125;44;2025-01-18
649;1399;44;2025-01-26
650;387;60;2025-05-09
651;1787;10;2025-06-03
652;767;76;2025-02-16
653;1733;89;2025-05-12
654;305;45;2025-01-08
655;1062;48;2025-01-27
656;505;70;2025-02-07
657;734;55;2025-05-05
658;1579;97;2025-05-18
659;643;23;2025-05-17
660;760;5;2025-02-27
661;10;21;2025-06-19
662;505;41;2025-06-22
663;1426;79;2025-02-04
664;1753;62;2025-03-10
665;261;66;2025-01-12
666;172;42;2025-03-04
667;1943;74;2025-04-01
668;1728;17;2025-06-07
669;1083;87;2025-05-25
670;296;86;2025-06-16
671;1650;83;2025-02-09
672;1456;47;2025-02-28
673;1503;2;2025-04-25
674;745;42;2025-03-27
675;223;19;2025-06-16
676;1823;33;2025-06-21
677;1528;27;2025-02-10
678;843;28;2025-05-02
679;648;98;2025-06-08
680;1908;53;2025-02-22
681;1288;84;2025-07-02
682;1198;78;2025-02-18
683;1814;68;2025-01-23
684;1052;90;2025-05-14
685;653;1;2025-01-16
686;620;42;2025-02-24
687;1853;4;2025-04-10
688;796;28;2025-06-30
689;1377;75;2025-06-30
690;1932;47;2025-03-11
691;1871;60;2025-06-23
692;174;19;2025-05-12
693;498;61;2025-02-18
694;1481;91;2025-04-01
695;1978;81;2025-06-12
696;116;92;2025-02-22
697;1881;68;2025-02-19
698;188;83;2025-01-04
699;657;95;2025-02-21
700;975;13;2025-05-08
701;13;34;2025-02-17
702;1312;86;2025-02-26
703;1507;79;2025-05-17
704;1381;74;2025-01-06
705;1395;71;2025-06-26
706;538;75;2025-04-28
707;642;90;2025-02-19
708;1615;17;2025-04-10
709;1621;6;2025-02-10
710;195;66;2025-04-11
711;977;56;2025-03-16
712;1253;83;2025-06-04
713;1770;42;2025-04-07
714;1158;36;2025-01-20
715;1451;54;2025-06-06
716;787;25;2025-06-11
717;1435;13;2025-03-21
718;1554;18;2025-01-30
719;1919;14;2025-04-30
720;646;90;2025-05-24
721;53;47;2025-06-16
722;131;96;2025-02-05
723;311;40;2025-05-16
724;1546;35;2025-04-03
725;326;58;2025-03-09
726;466;50;2025-01-16
727;49;96;2025-05-21
728;545;61;2025-04-08
729;1982;6;2025-04-15
730;420;15;2025-01-30
731;1556;7;2025-03-20
732;1706;6;2025-06-03
733;26;71;2025-02-19
734;1763;61;2025-02-25
735;938;99;2025-06-07
736;1263;44;2025-01-01
737;1323;60;2025-04-20
738;46;77;2025-01-09
739;291;55;2025-04-28
740;773;88;2025-01-11
741;1466;43;2025-03-15
742;1506;9;2025-04-16
743;763;69;2025-03-31
744;1969;47;2025-01-25
745;956;43;2025-05-21
746;704;27;2025-06-12
747;298;2;2025-03-30
748;812;80;2025-04-20
749;1804;4;2025-05-10
750;522;52;2025-06-23
751;1930;7;2025-03-02
752;1401;28;2025-05-09
753;865;59;2025-06-22
754;826;99;2025-07-01
755;1391;65;2025-01-10
756;80;34;2025-01-24
757;1484;43;2025-04-27
758;1428;71;2025-04-12
759;1200;73;2025-07-01
760;1059;24;2025-02-15
761;12;71;2025-06-17
762;458;88;2025-06-25
763;337;29;2025-02-05
764;49;85;2025-05-10
765;755;12;2025-01-29
766;858;25;2025-01-10
767;1119;23;2025-05-24
768;82;30;2025-02-22
769;354;21;2025-05-22
770;1260;4;2025-04-17
771;1443;23;2025-06-16
772;1048;59;2025-04-12
773;1148;4;2025-06-03
774;1294;84;2025-03-09
775;1289;1;2025-03-13
776;1385;13;2025-03-14
777;1635;99;2025-05-30
778;506;74;2025-06-05
779;1818;90;2025-04-07
780;941;15;2025-04-01
781;82;59;2025-01-18
782;21;44;2025-03-29
783;452;57;2025-06-06
784;1169;54;2025-05-23
785;1651;52;2025-02-25
786;1110;48;2025-01-05
787;1955;64;2025-01-25
788;1658;21;2025-02-02
789;196;32;2025-04-17
790;1375;16;2025-04-23
791;660;56;2025-05-08
792;1322;83;2025-04-27
793;1461;94;2025-04-10
794;894;60;2025-04-19
795;1558;97;2025-01-24
796;1559;20;2025-02-17
797;1084;67;2025-06-23
798;1109;82;2025-05-16
799;1725;22;2025-01-30
800;1238;71;2025-04-08
801;770;3;2025-04-06
802;518;10;2025-04-14
803;767;70;2025-04-03
804;1787;86;2025-01-21
805;448;19;2025-04-06
806;253;100;2025-05-07
807;888;46;2025-01-12
808;1365;17;2025-05-25
809;857;23;2025-02-21
810;856;88;2025-04-22
811;136;28;2025-01-12
812;1895;7;2025-01-30
813;1398;67;2025-06-03
814;849;96;2025-01-11
815;631;81;2025-05-07
816;499;21;2025-02-13
817;1328;94;2025-01-17
818;67;15;2025-03-18
819;1728;43;2025-06-25
820;1242;63;2025-02-12
821;1793;41;2025-02-10
822;707;89;2025-01-14
823;383;66;2025-05-01
824;215;90;2025-05-11
825;1088;74;2025-05-17
826;674;65;2025-05-04
827;43;29;2025-02-03
828;1494;88;2025-04-04
829;1953;9;2025-01-17
830;233;9;2025-03-31
831;1616;60;2025-04-02
832;1670;57;2025-02-21
833;1710;81;2025-05-26
834;928;21;2025-01-03
835;1362;25;2025-06-17
836;1218;2;2025-05-24
837;1570;90;2025-06-03
838;1997;64;2025-03-29
839;9;58;2025-05-05
840;88;72;2025-04-04
841;832;93;2025-01-31
842;380;99;2025-07-01
843;1240;63;2025-01-03
844;1700;54;2025-04-17
845;101;15;2025-01-03
846;126;77;2025-04-30
847;1074;73;2025-02-24
848;996;52;2025-03-01
849;1529;13;2025-01-06
850;495;23;2025-03-08
851;1908;18;2025-06-08
852;1725;37;2025-05-28
853;1513;2;2025-01-28
854;1395;11;2025-04-25
855;1472;1;2025-02-28
856;1512;52;2025-02-26
857;244;93;2025-03-06
858;343;4;2025-05-09
859;242;63;2025-04-05
860;174;33;2025-02-26
861;223;85;2025-03-01
862;1433;86;2025-03-13
863;1353;26;2025-02-27
864;1242;23;2025-01-07
865;402;68;2025-03-19
866;493;54;2025-05-13
867;1696;83;2025-01-14
868;172;44;2025-02-15
869;1952;48;2025-04-25
870;327;11;2025-05-23
871;1070;8;2025-02-09
872;1039;98;2025-05-01
873;536;88;2025-04-09
874;1086;21;2025-04-15
875;774;43;2025-02-04
876;1634;67;2025-05-12
877;1355;84;2025-04-04
878;636;32;2025-05-31
879;1611;42;2025-06-09
880;1595;79;2025-02-19
881;1773;3;2025-03-06
882;364;12;2025-05-04
883;1069;19;2025-06-17
884;947;74;2025-04-11
885;727;42;2025-03-19
886;1768;68;2025-05-13
887;1180;86;2025-05-10
888;1026;3;2025-02-17
889;1701;72;2025-03-28
890;1486;15;2025-05-01
891;1410;71;2025-01-11
892;490;41;2025-02-27
893;1697;14;2025-03-08
894;196;68;2025-05-11
895;1201;47;2025-03-29
896;1065;96;2025-04-18
897;1927;37;2025-04-04
898;1292;13;2025-03-28
899;878;61;2025-01-14
900;1172;45;2025-05-06
901;1563;28;2025-06-17
902;1598;67;2025-03-31
903;1768;68;2025-05-19
904;759;60;2025-06-27
905;755;40;2025-05-31
906;826;28;2025-07-02
907;1174;94;2025-06-12
908;608;21;2025-06-15
909;1582;8;2025-03-23
910;603;41;2025-04-23
911;828;28;2025-05-27
912;1968;6;2025-04-15
913;1312;5;2025-04-30
914;1535;75;2025-03-24
915;1818;38;2025-02-09
916;1386;46;2025-04-23
917;834;19;2025-02-27
918;31;64;2025-05-06
919;1657;78;2025-01-27
920;1741;55;2025-03-12
921;1283;46;2025-01-09
922;1230;3;2025-04-13
923;1708;41;2025-05-11
924;686;7;2025-01-14
925;601;19;2025-01-20
926;1768;45;2025-02-20
927;1786;60;2025-04-25
928;907;100;2025-03-16
929;1376;56;2025-06-03
930;209;17;2025-06-06
931;651;3;2025-05-01
932;2000;92;2025-04-08
933;917;13;2025-06-21
934;1487;67;2025-05-30
935;109;63;2025-04-26
936;1064;82;2025-02-13
937;1243;2;2025-03-03
938;1395;94;2025-04-27
939;1844;91;2025-05-13
940;1592;39;2025-05-21
941;1163;11;2025-04-29
942;881;99;2025-06-05
943;260;94;2025-03-27
944;1997;27;2025-06-28
945;514;41;2025-03-18
946;383;97;2025-06-08
947;1251;71;2025-05-09
948;107;69;2025-01-10
949;781;67;2025-03-28
950;1405;39;2025-05-26
951;944;23;2025-04-12
952;1949;35;2025-06-25
953;1775;63;2025-05-21
954;534;54;2025-06-26
955;1003;40;2025-03-11
956;1959;80;2025-05-27
957;1287;43;2025-01-31
958;1707;30;2025-06-01
959;484;15;2025-01-11
960;667;64;2025-04-29
961;1212;27;2025-05-05
962;1079;26;2025-04-01
963;824;73;2025-02-06
964;1658;44;2025-04-20
965;120;80;2025-05-31
966;206;60;2025-03-21
967;296;87;2025-06-29
968;751;88;2025-07-02
969;390;29;2025-02-04
970;410;66;2025-02-06
971;1800;47;2025-06-12
972;121;86;2025-01-05
973;934;95;2025-02-18
974;951;22;2025-03-10
975;439;51;2025-02-16
976;1638;89;2025-06-20
977;1975;1;2025-05-30
978;594;78;2025-01-07
979;6;93;2025-05-30
980;1556;9;2025-05-11
981;1559;19;2025-05-08
982;1243;38;2025-05-15
983;1032;22;2025-05-26
984;414;15;2025-03-14
985;1297;10;2025-02-08
986;1399;23;2025-06-11
987;1721;19;2025-02-19
988;291;42;2025-02-19
989;869;56;2025-05-21
990;845;55;2025-02-06
991;1332;57;2025-04-01
992;1156;83;2025-04-07
993;584;49;2025-02-17
994;55;17;2025-05-24
995;471;51;2025-04-29
996;1058;10;2025-05-23
997;1443;53;2025-05-01
998;173;49;2025-05-12
999;87;29;2025-04-28
1000;740;80;2025-03-13
1001;36;8;2025-04-23
1002;1761;8;2025-06-24
1003;520;4;2025-01-10
1004;1889;30;2025-04-22
1005;1822;58;2025-04-24
1006;1433;95;2025-01-06
1007;826;77;2025-04-20
1008;7;93;2025-03-07
1009;1904;53;2025-06-07
1010;1084;40;2025-06-15
1011;1404;71;2025-04-18
1012;842;32;2025-01-29
1013;1211;37;2025-03-17
1014;1251;86;2025-01-06
1015;138;14;2025-02-14
1016;1810;10;2025-06-20
1017;957;20;2025-05-14
1018;944;31;2025-02-13
1019;113;65;2025-06-22
1020;1670;30;2025-05-21
1021;623;87;2025-02-07
1022;330;95;2025-04-28
1023;532;98;2025-01-14
1024;1621;8;2025-06-05
1025;1374;57;2025-05-24
1026;1843;45;2025-06-14
1027;833;12;2025-05-21
1028;545;94;2025-04-13
1029;1258;7;2025-04-24
1030;282;15;2025-04-14
1031;983;21;2025-05-16
1032;140;20;2025-01-08
1033;1669;6;2025-02-24
1034;1464;83;2025-01-30
1035;256;17;2025-01-27
1036;879;22;2025-06-19
1037;1548;23;2025-01-19
1038;1434;62;2025-06-05
1039;505;38;2025-06-30
1040;92;30;2025-01-31
1041;145;3;2025-01-21
1042;1706;86;2025-05-21
1043;101;96;2025-06-05
1044;1398;26;2025-05-24
1045;332;46;2025-03-22
1046;645;71;2025-04-06
1047;1637;77;2025-04-09
1048;1605;24;2025-06-15
1049;378;42;2025-03-29
1050;190;4;2025-05-12
1051;262;23;2025-01-21
1052;1308;14;2025-01-22
1053;1775;41;2025-01-15
1054;635;6;2025-02-01
1055;1539;86;2025-05-11
1056;1700;95;2025-03-11
1057;521;29;2025-06-21
1058;302;39;2025-04-28
1059;1164;40;2025-04-21
1060;1329;59;2025-06-03
1061;1999;29;2025-06-15
1062;1933;38;2025-02-23
1063;1893;67;2025-05-29
1064;380;7;2025-02-15
1065;130;68;2025-04-09
1066;1041;40;2025-06-24
1067;1778;18;2025-06-24
1068;1902;4;2025-06-19
1069;645;31;2025-04-17
1070;8;63;2025-01-07
1071;8;75;2025-03-13
1072;664;98;2025-04-14
1073;1557;22;2025-04-23
1074;327;83;2025-06-07
1075;480;72;2025-04-21
1076;260;76;2025-01-24
1077;31;45;2025-01-24
1078;688;55;2025-03-22
1079;997;89;2025-03-16
1080;1447;100;2025-06-22
1081;685;20;2025-05-31
1082;153;23;2025-01-15
1083;1662;41;2025-04-06
1084;892;3;2025-02-05
1085;37;36;2025-01-18
1086;1031;61;2025-05-26
1087;11;80;2025-01-26
1088;1937;50;2025-02-16
1089;1929;53;2025-04-08
1090;1531;12;2025-04-04
1091;466;29;2025-01-14
1092;409;95;2025-01-12
1093;1176;63;2025-05-25
1094;289;29;2025-05-15
1095;1138;59;2025-02-27
1096;270;20;2025-03-09
1097;572;53;2025-02-01
1098;972;5;2025-03-22
1099;1989;63;2025-04-23
1100;691;54;2025-04-18
1101;920;80;2025-03-28
1102;1968;86;2025-02-13
1103;422;30;2025-02-18
1104;1494;84;2025-06-02
1105;1469;33;2025-04-05
1106;363;65;2025-01-24
1107;1961;61;2025-02-28
1108;7;24;2025-04-02
1109;259;64;2025-02-24
1110;148;97;2025-03-21
1111;1284;87;2025-01-28
1112;690;74;2025-06-10
1113;1863;52;2025-06-26
1114;94;57;2025-04-12
1115;1554;78;2025-03-27
1116;1101;50;2025-02-20
1117;96;34;2025-03-06
1118;1871;82;2025-05-13
1119;519;95;2025-01-05
1120;1900;25;2025-03-16
1121;685;45;2025-05-23
1122;1618;41;2025-04-26
1123;180;79;2025-06-04
1124;1812;66;2025-04-30
1125;947;94;2025-01-10
1126;1166;61;2025-06-27
1127;1139;85;2025-01-14
1128;1452;70;2025-03-31
1129;1879;50;2025-05-06
1130;1842;77;2025-05-11
1131;566;59;2025-03-23
1132;197;25;2025-02-07
1133;1357;98;2025-01-18
1134;136;73;2025-04-05
1135;1746;12;2025-02-05
1136;764;88;2025-01-14
1137;1850;90;2025-01-27
1138;271;70;2025-06-27
1139;612;30;2025-06-07
1140;137;41;2025-04-11
1141;1163;81;2025-02-23
1142;1923;54;2025-04-19
1143;998;25;2025-05-09
1144;1142;75;2025-04-19
1145;741;92;2025-03-20
1146;1163;63;2025-03-31
1147;930;86;2025-02-04
1148;310;65;2025-06-23
1149;1055;20;2025-06-12
1150;412;99;2025-03-29
1151;1649;18;2025-02-07
1152;1475;15;2025-05-01
1153;1089;70;2025-02-28
1154;1447;55;2025-06-21
1155;688;8;2025-04-04
1156;783;16;2025-04-21
1157;585;51;2025-01-08
1158;1673;80;2025-03-20
1159;1161;65;2025-02-28
1160;1323;73;2025-06-14
1161;1667;1;2025-05-20
1162;129;25;2025-04-06
1163;1563;91;2025-05-16
1164;304;11;2025-02-10
1165;1433;17;2025-02-20
1166;1246;98;2025-01-02
1167;867;19;2025-01-25
1168;962;87;2025-01-26
1169;1244;75;2025-02-02
1170;812;64;2025-04-01
1171;1321;6;2025-02-27
1172;1626;39;2025-03-09
1173;1094;10;2025-04-15
1174;709;5;2025-06-21
1175;1758;3;2025-02-11
1176;1682;59;2025-03-30
1177;433;38;2025-06-18
1178;1582;65;2025-06-19
1179;1151;75;2025-02-10
1180;1587;68;2025-02-15
1181;818;39;2025-05-29
1182;643;81;2025-05-04
1183;178;40;2025-03-13
1184;978;81;2025-02-07
1185;164;3;2025-02-18
1186;798;48;2025-04-29
1187;1274;46;2025-06-19
1188;686;77;2025-03-02
1189;822;46;2025-05-30
1190;1824;37;2025-04-22
1191;874;69;2025-02-19
1192;331;65;2025-02-12
1193;481;91;2025-03-25
1194;1258;59;2025-05-17
1195;806;25;2025-03-14
1196;1622;50;2025-06-07
1197;1797;41;2025-03-10
1198;1216;62;2025-05-12
1199;861;97;2025-06-06
1200;913;63;2025-01-16
1201;1416;99;2025-01-31
1202;981;61;2025-03-21
1203;887;70;2025-04-10
1204;1482;71;2025-02-28
1205;1759;41;2025-04-03
1206;448;72;2025-03-10
1207;1446;41;2025-05-25
1208;1128;68;2025-01-16
1209;1703;45;2025-01-10
1210;408;90;2025-02-06
1211;280;60;2025-02-06
1212;570;98;2025-02-25
1213;1865;70;2025-05-29
1214;1633;77;2025-03-17
1215;1316;15;2025-03-27
1216;304;71;2025-05-11
1217;1752;17;2025-05-08
1218;44;67;2025-03-17
1219;1391;64;2025-06-26
1220;1418;30;2025-02-21
1221;415;56;2025-03-17
1222;849;100;2025-03-11
1223;165;23;2025-04-01
1224;57;73;2025-05-29
1225;837;55;2025-06-11
1226;1481;48;2025-06-21
1227;90;46;2025-05-29
1228;1095;49;2025-07-02
1229;1742;89;2025-01-27
1230;1103;84;2025-04-25
1231;1088;17;2025-03-11
1232;364;58;2025-05-11
1233;823;37;2025-04-13
1234;1534;49;2025-02-03
1235;289;93;2025-02-09
1236;1774;11;2025-01-25
1237;965;19;2025-04-25
1238;816;71;2025-06-29
1239;1757;35;2025-02-17
1240;1729;87;2025-02-25
1241;689;37;2025-06-11
1242;363;48;2025-04-29
1243;318;29;2025-02-11
1244;313;24;2025-06-24
1245;1451;98;2025-04-15
1246;1952;14;2025-05-08
1247;1482;86;2025-05-31
1248;206;10;2025-03-08
1249;1578;29;2025-06-11
1250;227;66;2025-06-01
1251;859;61;2025-05-17
1252;1419;32;2025-03-31
1253;788;30;2025-06-06
1254;1782;71;2025-05-30
1255;1266;92;2025-03-16
1256;817;25;2025-05-20
1257;780;44;2025-06-02
1258;989;8;2025-06-23
1259;486;96;2025-06-02
1260;920;9;2025-01-17
1261;338;29;2025-01-12
1262;484;7;2025-06-14
1263;1625;76;2025-03-09
1264;1022;70;2025-05-06
1265;1845;23;2025-03-21
1266;1987;48;2025-05-07
1267;1197;92;2025-02-14
1268;1460;69;2025-01-28
1269;1877;34;2025-05-17
1270;1745;48;2025-04-05
1271;630;43;2025-05-02
1272;472;68;2025-06-16
1273;610;1;2025-05-19
1274;730;78;2025-03-21
1275;1001;96;2025-05-18
1276;374;58;2025-01-11
1277;1096;17;2025-05-25
1278;983;85;2025-05-03
1279;1695;78;2025-04-24
1280;1664;90;2025-01-14
1281;1769;37;2025-04-05
1282;1214;74;2025-05-31
1283;1910;4;2025-03-23
1284;280;79;2025-06-05
1285;1179;84;2025-04-09
1286;1200;41;2025-06-26
1287;76;53;2025-01-14
1288;568;93;2025-05-15
1289;1260;78;2025-06-01
1290;673;9;2025-04-02
1291;1726;35;2025-01-15
1292;367;24;2025-01-21
1293;1353;67;2025-02-06
1294;385;61;2025-04-27
1295;1084;73;2025-03-11
1296;24;77;2025-06-09
1297;184;81;2025-05-12
1298;1414;94;2025-03-26
1299;125;99;2025-03-21
1300;684;38;2025-03-26
1301;381;29;2025-03-31
1302;1618;68;2025-01-27
1303;805;85;2025-01-12
1304;775;14;2025-01-02
1305;72;79;2025-06-10
1306;77;32;2025-06-21
1307;865;66;2025-05-14
1308;1213;20;2025-02-27
1309;1719;1;2025-01-09
1310;1011;64;2025-05-23
1311;396;31;2025-06-15
1312;1893;98;2025-01-19
1313;41;39;2025-06-26
1314;1538;73;2025-05-22
1315;380;55;2025-01-04
1316;543;38;2025-02-14
1317;73;38;2025-03-21
1318;1597;24;2025-04-11
1319;54;41;2025-02-26
1320;1261;28;2025-01-25
1321;799;21;2025-02-07
1322;739;97;2025-01-26
1323;440;39;2025-03-12
1324;50;55;2025-03-12
1325;1191;78;2025-02-14
1326;1650;62;2025-05-19
1327;1813;93;2025-03-09
1328;863;51;2025-02-27
1329;950;41;2025-01-16
1330;1860;68;2025-05-09
1331;1077;4;2025-03-21
1332;935;47;2025-01-08
1333;1157;36;2025-05-27
1334;551;81;2025-04-25
1335;1033;40;2025-02-02
1336;736;25;2025-01-03
1337;38;54;2025-05-14
1338;1524;77;2025-04-29
1339;1163;94;2025-03-05
1340;285;5;2025-02-23
1341;531;5;2025-05-11
1342;569;35;2025-04-16
1343;306;3;2025-02-07
1344;1026;15;2025-05-11
1345;639;46;2025-02-28
1346;18;7;2025-01-24
1347;1125;87;2025-06-26
1348;362;21;2025-03-31
1349;1364;40;2025-01-31
1350;1810;62;2025-01-19
1351;952;33;2025-02-16
1352;874;3;2025-01-09
1353;111;81;2025-02-03
1354;1506;68;2025-01-20
1355;1465;28;2025-01-03
1356;782;46;2025-03-21
1357;1342;29;2025-02-07
1358;1952;86;2025-04-14
1359;928;98;2025-05-13
1360;970;91;2025-01-24
1361;1487;76;2025-04-09
1362;1128;76;2025-05-18
1363;301;98;2025-03-05
1364;1735;40;2025-01-28
1365;1451;11;2025-01-14
1366;1462;97;2025-04-12
1367;1599;93;2025-06-13
1368;1465;3;2025-01-15
1369;422;13;2025-03-31
1370;340;57;2025-01-07
1371;959;57;2025-04-18
1372;1132;9;2025-01-31
1373;1999;48;2025-02-04
1374;787;73;2025-05-05
1375;1005;46;2025-05-20
1376;373;10;2025-05-22
1377;1776;62;2025-01-10
1378;527;87;2025-02-19
1379;816;50;2025-01-07
1380;1901;21;2025-02-25
1381;1103;81;2025-05-31
1382;281;70;2025-05-21
1383;1752;95;2025-05-12
1384;1658;85;2025-01-07
1385;648;95;2025-01-13
1386;302;34;2025-04-08
1387;1368;87;2025-03-29
1388;1131;39;2025-03-24
1389;1525;44;2025-02-06
1390;1038;49;2025-04-01
1391;39;66;2025-03-18
1392;290;53;2025-04-03
1393;1579;3;2025-06-26
1394;1830;81;2025-02-17
1395;1137;35;2025-03-21
1396;878;67;2025-02-05
1397;975;51;2025-06-30
1398;884;73;2025-05-03
1399;1244;100;2025-04-17
1400;1408;92;2025-06-06
1401;410;60;2025-04-20
1402;644;74;2025-06-25
1403;1344;3;2025-04-17
1404;1243;20;2025-05-08
1405;219;58;2025-02-14
1406;234;28;2025-03-12
1407;1926;97;2025-04-20
1408;1957;22;2025-01-05
1409;1628;28;2025-01-07
1410;865;5;2025-01-08
1411;1779;22;2025-04-28
1412;1817;74;2025-03-30
1413;888;66;2025-05-23
1414;1962;100;2025-01-11
1415;1519;59;2025-03-26
1416;461;4;2025-05-01
1417;1684;48;2025-02-28
1418;713;64;2025-03-19
1419;1320;25;2025-04-03
1420;618;90;2025-04-21
1421;348;70;2025-05-23
1422;1966;7;2025-06-03
1423;423;89;2025-01-03
1424;316;52;2025-06-18
1425;1267;24;2025-03-28
1426;1839;3;2025-02-27
1427;1322;74;2025-02-03
1428;1981;68;2025-04-15
1429;762;19;2025-02-11
1430;135;37;2025-04-10
1431;417;56;2025-03-31
1432;1275;37;2025-06-03
1433;470;60;2025-05-07
1434;263;30;2025-03-14
1435;1437;8;2025-06-08
1436;1657;73;2025-01-09
1437;10;15;2025-06-04
1438;325;34;2025-03-11
1439;1445;86;2025-01-20
1440;1192;38;2025-03-18
1441;1744;65;2025-05-07
1442;1010;12;2025-05-28
1443;1208;64;2025-04-22
1444;1468;52;2025-06-21
1445;594;36;2025-03-13
1446;1304;51;2025-04-03
1447;829;75;2025-01-07
1448;1349;39;2025-02-14
1449;743;55;2025-02-28
1450;353;80;2025-04-17
1451;359;8;2025-01-05
1452;349;27;2025-01-14
1453;1696;33;2025-05-29
1454;380;76;2025-05-04
1455;81;48;2025-03-02
1456;329;87;2025-05-01
1457;192;42;2025-06-01
1458;1452;35;2025-04-02
1459;356;28;2025-03-12
1460;1611;71;2025-01-31
1461;904;2;2025-01-23
1462;375;27;2025-02-15
1463;1575;26;2025-02-14
1464;406;30;2025-04-25
1465;1504;34;2025-01-17
1466;1520;92;2025-02-16
1467;1093;38;2025-03-11
1468;1035;57;2025-03-10
1469;1727;42;2025-04-19
1470;270;55;2025-03-04
1471;42;17;2025-03-05
1472;1316;26;2025-01-23
1473;1259;96;2025-05-12
1474;624;69;2025-06-30
1475;1549;80;2025-04-15
1476;1305;40;2025-05-29
1477;283;3;2025-02-02
1478;1423;11;2025-01-17
1479;364;80;2025-06-09
1480;246;91;2025-02-10
1481;830;46;2025-03-17
1482;1471;88;2025-05-20
1483;333;67;2025-03-01
1484;1299;11;2025-06-17
1485;1081;40;2025-01-17
1486;64;84;2025-06-12
1487;1743;47;2025-04-30
1488;565;21;2025-01-20
1489;231;40;2025-04-12
1490;399;100;2025-03-15
1491;552;59;2025-03-25
1492;1394;3;2025-01-04
1493;1906;29;2025-03-20
1494;1168;80;2025-04-16
1495;769;65;2025-02-07
1496;1730;30;2025-01-12
1497;836;65;2025-06-02
1498;1270;31;2025-01-03
1499;388;81;2025-04-08
1500;508;78;2025-03-26
1501;617;45;2025-03-07
1502;522;61;2025-02-15
1503;1236;83;2025-02-19
1504;1999;51;2025-01-23
1505;1355;65;2025-01-10
1506;145;29;2025-03-18
1507;272;94;2025-06-01
1508;1256;60;2025-04-23
1509;1887;44;2025-06-16
1510;747;35;2025-06-13
1511;314;37;2025-01-03
1512;635;42;2025-03-21
1513;1456;34;2025-03-25
1514;462;18;2025-06-20
1515;403;4;2025-01-21
1516;368;10;2025-02-08
1517;1480;17;2025-06-02
1518;83;42;2025-03-19
1519;1774;60;2025-02-28
1520;147;44;2025-06-13
1521;490;46;2025-05-19
1522;1240;38;2025-05-26
1523;1628;59;2025-05-14
1524;3;26;2025-04-02
1525;1371;13;2025-03-06
1526;1234;19;2025-04-13
1527;97;45;2025-05-04
1528;1828;32;2025-03-23
1529;784;69;2025-02-11
1530;1943;65;2025-06-12
1531;1991;4;2025-06-21
1532;1430;97;2025-01-26
1533;540;73;2025-05-10
1534;1860;81;2025-01-14
1535;1433;84;2025-01-27
1536;776;22;2025-01-26
1537;605;87;2025-06-26
1538;800;37;2025-06-09
1539;369;89;2025-03-25
1540;23;65;2025-06-01
1541;1551;6;2025-05-28
1542;474;60;2025-05-29
1543;1210;13;2025-01-12
1544;1421;25;2025-03-27
1545;1292;70;2025-02-02
1546;798;38;2025-06-14
1547;211;96;2025-02-05
1548;63;86;2025-01-06
1549;1395;19;2025-01-19
1550;904;57;2025-06-25
1551;1487;92;2025-04-21
1552;154;82;2025-03-05
1553;891;73;2025-04-14
1554;677;51;2025-02-03
1555;381;10;2025-01-09
1556;1763;89;2025-03-18
1557;1671;4;2025-04-30
1558;280;97;2025-06-27
1559;193;7;2025-06-27
1560;572;96;2025-02-05
1561;1822;1;2025-01-03
1562;1248;8;2025-01-19
1563;414;3;2025-02-28
1564;1468;60;2025-03-15
1565;1634;35;2025-03-30
1566;1278;9;2025-03-21
1567;1701;75;2025-01-05
1568;1938;4;2025-01-19
1569;214;32;2025-02-25
1570;1203;42;2025-06-26
1571;1451;33;2025-06-05
1572;270;15;2025-06-03
1573;1442;44;2025-06-18
1574;1262;69;2025-05-26
1575;516;37;2025-01-03
1576;1403;9;2025-04-22
1577;1519;88;2025-02-07
1578;1863;45;2025-06-03
1579;420;3;2025-05-18
1580;990;47;2025-03-26
1581;102;92;2025-06-28
1582;158;10;2025-06-28
1583;413;20;2025-02-01
1584;1402;31;2025-04-18
1585;1023;89;2025-04-15
1586;597;5;2025-04-03
1587;1827;34;2025-03-22
1588;41;17;2025-04-15
1589;1722;18;2025-03-28
1590;1309;20;2025-05-28
1591;1198;67;2025-01-15
1592;346;94;2025-03-07
1593;1867;84;2025-06-04
1594;1067;83;2025-06-08
1595;1427;70;2025-03-12
1596;1570;70;2025-02-15
1597;340;64;2025-04-20
1598;1901;35;2025-02-24
1599;483;63;2025-04-30
1600;1375;52;2025-03-13
1601;1017;68;2025-03-24
1602;1195;54;2025-03-26
1603;757;97;2025-06-06
1604;163;12;2025-03-04
1605;1571;28;2025-01-10
1606;1875;45;2025-04-13
1607;1789;98;2025-01-16
1608;794;56;2025-06-05
1609;563;66;2025-06-21
1610;862;14;2025-03-26
1611;92;33;2025-04-06
1612;1874;43;2025-04-21
1613;1668;20;2025-01-19
1614;750;61;2025-07-03
1615;900;38;2025-01-28
1616;1043;90;2025-05-24
1617;336;66;2025-03-03
1618;359;73;2025-01-26
1619;507;65;2025-04-23
1620;193;30;2025-05-26
1621;1368;69;2025-04-09
1622;1432;36;2025-07-02
1623;590;59;2025-02-02
1624;1212;89;2025-05-19
1625;1143;17;2025-04-17
1626;253;19;2025-04-10
1627;1393;90;2025-03-11
1628;1000;51;2025-06-10
1629;1860;2;2025-04-24
1630;226;90;2025-04-12
1631;1163;74;2025-04-04
1632;444;69;2025-03-27
1633;1208;90;2025-02-24
1634;1096;67;2025-02-16
1635;996;72;2025-01-21
1636;867;37;2025-02-02
1637;1769;29;2025-05-31
1638;1345;13;2025-03-06
1639;1416;21;2025-07-01
1640;345;5;2025-01-27
1641;984;29;2025-01-30
1642;655;81;2025-05-27
1643;264;74;2025-02-06
1644;774;64;2025-06-19
1645;57;22;2025-06-21
1646;1095;3;2025-02-23
1647;458;40;2025-01-27
1648;357;19;2025-02-18
1649;1049;88;2025-04-22
1650;1854;36;2025-03-13
1651;1966;18;2025-04-06
1652;1877;4;2025-04-17
1653;969;97;2025-02-27
1654;511;74;2025-05-31
1655;1313;19;2025-06-15
1656;502;31;2025-05-09
1657;251;38;2025-04-12
1658;1574;39;2025-04-27
1659;608;86;2025-04-15
1660;164;89;2025-02-18
1661;1162;82;2025-01-25
1662;1377;82;2025-04-17
1663;1991;42;2025-02-25
1664;561;6;2025-01-27
1665;1118;72;2025-01-25
1666;309;89;2025-05-24
1667;1876;52;2025-01-10
1668;1532;50;2025-06-10
1669;1375;83;2025-05-08
1670;1397;16;2025-01-05
1671;1988;46;2025-05-24
1672;280;16;2025-06-28
1673;1762;47;2025-02-20
1674;1135;25;2025-01-11
1675;1881;44;2025-03-22
1676;777;94;2025-05-31
1677;1314;61;2025-02-02
1678;714;32;2025-01-16
1679;285;47;2025-03-15
1680;1196;97;2025-06-04
1681;1444;13;2025-03-14
1682;579;75;2025-05-28
1683;218;66;2025-06-11
1684;1436;82;2025-04-23
1685;749;57;2025-05-12
1686;752;83;2025-03-09
1687;1984;93;2025-04-17
1688;1028;21;2025-02-02
1689;965;81;2025-02-11
1690;1488;75;2025-03-10
1691;468;86;2025-01-29
1692;1435;19;2025-05-08
1693;1274;13;2025-03-28
1694;1256;51;2025-02-04
1695;1905;2;2025-03-16
1696;962;50;2025-04-17
1697;1501;11;2025-05-21
1698;1688;24;2025-04-26
1699;1607;64;2025-06-03
1700;1172;90;2025-06-29
1701;1235;99;2025-05-28
1702;1306;28;2025-06-27
1703;493;87;2025-04-29
1704;1524;22;2025-03-07
1705;561;80;2025-04-29
1706;693;88;2025-04-28
1707;1076;21;2025-02-28
1708;204;44;2025-03-20
1709;285;12;2025-01-09
1710;619;69;2025-04-17
1711;1759;10;2025-04-14
1712;249;2;2025-05-31
1713;1376;25;2025-01-13
1714;766;100;2025-02-28
1715;5;51;2025-06-18
1716;1286;38;2025-05-01
1717;584;82;2025-04-10
1718;1716;1;2025-04-26
1719;27;37;2025-06-09
1720;606;74;2025-02-21
1721;1869;66;2025-01-21
1722;697;84;2025-04-01
1723;1122;91;2025-04-16
1724;504;98;2025-06-25
1725;172;95;2025-03-17
1726;294;67;2025-04-22
1727;1006;26;2025-02-22
1728;1808;97;2025-02-24
1729;1596;71;2025-06-22
1730;375;27;2025-03-22
1731;804;31;2025-04-10
1732;670;19;2025-05-19
1733;1903;40;2025-01-31
1734;293;98;2025-04-18
1735;368;51;2025-03-03
1736;1866;87;2025-05-08
1737;1498;52;2025-06-29
1738;115;65;2025-06-29
1739;132;77;2025-05-06
1740;1291;17;2025-06-21
1741;795;56;2025-05-23
1742;176;45;2025-04-11
1743;18;25;2025-06-15
1744;1879;49;2025-04-23
1745;1796;95;2025-02-06
1746;1164;4;2025-02-01
1747;1906;56;2025-04-07
1748;103;85;2025-01-22
1749;222;67;2025-03-17
1750;707;95;2025-06-27
1751;1798;72;2025-02-25
1752;1908;92;2025-04-10
1753;538;91;2025-01-27
1754;899;43;2025-05-31
1755;308;53;2025-04-06
1756;506;81;2025-03-04
1757;1669;45;2025-01-03
1758;419;24;2025-05-01
1759;1662;42;2025-03-10
1760;760;62;2025-04-22
1761;257;11;2025-06-14
1762;1772;85;2025-05-05
1763;444;97;2025-04-03
1764;1249;46;2025-05-16
1765;1751;74;2025-02-22
1766;778;77;2025-02-23
1767;499;19;2025-01-13
1768;170;22;2025-01-11
1769;47;60;2025-01-24
1770;1931;15;2025-06-29
1771;1476;100;2025-06-22
1772;264;96;2025-01-04
1773;1749;1;2025-01-14
1774;1432;64;2025-01-19
1775;1892;72;2025-07-02
1776;452;44;2025-04-19
1777;870;76;2025-03-05
1778;1301;26;2025-05-15
1779;715;37;2025-02-26
1780;918;60;2025-05-09
1781;595;75;2025-01-25
1782;1530;41;2025-02-07
1783;1782;22;2025-06-18
1784;1116;5;2025-06-20
1785;180;37;2025-06-15
1786;1827;45;2025-06-07
1787;663;7;2025-06-11
1788;989;44;2025-06-01
1789;386;33;2025-01-20
1790;1283;76;2025-06-14
1791;1712;74;2025-05-09
1792;466;7;2025-04-16
1793;1925;84;2025-02-27
1794;1900;3;2025-02-23
1795;1365;53;2025-05-13
1796;328;30;2025-05-08
1797;1638;45;2025-04-05
1798;1477;55;2025-06-03
1799;359;94;2025-03-11
1800;1162;67;2025-06-29
1801;1730;16;2025-03-23
1802;1152;98;2025-01-18
1803;379;48;2025-01-26
1804;639;37;2025-03-29
1805;1538;15;2025-06-08
1806;1759;80;2025-02-18
1807;705;71;2025-06-28
1808;1016;97;2025-05-18
1809;166;64;2025-03-04
1810;977;28;2025-04-01
1811;1698;51;2025-03-24
1812;278;36;2025-02-20
1813;1170;40;2025-01-24
1814;42;63;2025-06-09
1815;1459;56;2025-06-10
1816;1442;71;2025-04-26
1817;1884;17;2025-05-18
1818;1961;1;2025-03-21
1819;821;39;2025-04-06
1820;505;95;2025-02-06
1821;1533;21;2025-06-11
1822;461;14;2025-01-13
1823;1199;20;2025-05-06
1824;1400;79;2025-02-01
1825;438;88;2025-05-13
1826;1002;83;2025-06-10
1827;1612;59;2025-04-26
1828;1256;45;2025-02-26
1829;710;84;2025-02-14
1830;1218;71;2025-05-10
1831;18;53;2025-02-24
1832;560;3;2025-06-27
1833;305;40;2025-01-28
1834;1404;10;2025-06-24
1835;793;21;2025-02-01
1836;26;68;2025-05-11
1837;532;17;2025-04-19
1838;1241;5;2025-02-07
1839;694;23;2025-01-30
1840;851;48;2025-04-22
1841;493;89;2025-04-01
1842;745;21;2025-02-25
1843;780;67;2025-03-19
1844;1596;78;2025-06-26
1845;611;14;2025-06-13
1846;1375;36;2025-04-07
1847;465;69;2025-06-06
1848;773;77;2025-05-24
1849;1236;61;2025-04-15
1850;1181;98;2025-02-07
1851;676;44;2025-02-27
1852;193;62;2025-05-23
1853;1052;83;2025-03-15
1854;686;71;2025-05-15
1855;1230;56;2025-03-23
1856;572;5;2025-04-17
1857;1765;60;2025-01-27
1858;447;1;2025-05-25
1859;1176;34;2025-05-18
1860;803;68;2025-02-13
1861;1687;53;2025-05-11
1862;713;23;2025-06-26
1863;399;75;2025-02-03
1864;76;90;2025-03-23
1865;335;44;2025-04-03
1866;1866;51;2025-03-29
1867;478;31;2025-06-04
1868;516;61;2025-03-01
1869;497;7;2025-05-04
1870;569;43;2025-05-25
1871;602;15;2025-07-03
1872;844;30;2025-02-17
1873;1559;3;2025-03-12
1874;1042;5;2025-04-09
1875;548;87;2025-05-29
1876;1101;77;2025-01-26
1877;1247;90;2025-06-10
1878;1293;45;2025-03-17
1879;1651;80;2025-06-23
1880;472;99;2025-03-08
1881;1490;60;2025-02-16
1882;1136;84;2025-03-31
1883;43;17;2025-03-11
1884;1995;15;2025-06-15
1885;1790;85;2025-03-16
1886;670;36;2025-03-24
1887;830;41;2025-01-14
1888;1128;75;2025-04-28
1889;1197;38;2025-01-22
1890;902;51;2025-01-24
1891;690;18;2025-05-04
1892;1699;57;2025-04-20
1893;1337;69;2025-01-21
1894;1153;47;2025-02-23
1895;1060;18;2025-01-06
1896;1809;24;2025-03-26
1897;94;33;2025-03-09
1898;115;55;2025-05-19
1899;663;64;2025-04-21
1900;1525;11;2025-04-09
1901;1792;78;2025-05-14
1902;843;82;2025-05-15
1903;1049;87;2025-02-27
1904;1555;65;2025-01-14
1905;106;3;2025-04-21
1906;1393;83;2025-02-25
1907;1288;47;2025-03-09
1908;977;19;2025-04-27
1909;1815;62;2025-03-20
1910;1427;73;2025-05-12
1911;284;75;2025-04-03
1912;957;75;2025-01-23
1913;1470;72;2025-05-27
1914;816;32;2025-05-13
1915;66;44;2025-01-12
1916;823;58;2025-01-20
1917;919;97;2025-01-25
1918;33;10;2025-02-06
1919;756;72;2025-03-30
1920;647;47;2025-05-05
1921;138;94;2025-01-24
1922;613;11;2025-02-05
1923;1241;84;2025-03-15
1924;212;64;2025-06-23
1925;985;94;2025-04-04
1926;169;22;2025-06-25
1927;636;94;2025-05-05
1928;185;61;2025-04-05
1929;385;19;2025-02-08
1930;1589;32;2025-04-05
1931;1307;31;2025-06-28
1932;1234;88;2025-03-31
1933;1796;18;2025-06-08
1934;1561;80;2025-01-26
1935;1563;22;2025-06-03
1936;1507;29;2025-02-16
1937;403;98;2025-01-24
1938;389;30;2025-03-22
1939;608;69;2025-04-28
1940;1263;95;2025-04-05
1941;1258;35;2025-03-21
1942;1360;77;2025-03-26
1943;936;29;2025-04-23
1944;1816;30;2025-02-01
1945;36;49;2025-07-02
1946;272;46;2025-06-21
1947;513;62;2025-02-02
1948;1174;98;2025-01-03
1949;1285;85;2025-01-13
1950;1145;70;2025-06-07
1951;1250;51;2025-01-25
1952;605;72;2025-02-20
1953;1387;30;2025-06-14
1954;1941;80;2025-04-15
1955;422;57;2025-06-20
1956;1326;38;2025-02-08
1957;249;31;2025-05-17
1958;942;40;2025-01-15
1959;17;80;2025-03-08
1960;1825;3;2025-04-05
1961;381;59;2025-05-15
1962;1856;21;2025-05-20
1963;1846;2;2025-01-31
1964;1015;67;2025-01-07
1965;1838;80;2025-06-26
1966;1613;72;2025-06-05
1967;563;96;2025-04-30
1968;1268;62;2025-04-21
1969;527;87;2025-03-01
1970;1572;55;2025-06-17
1971;487;26;2025-01-14
1972;626;49;2025-02-13
1973;1532;54;2025-04-06
1974;535;96;2025-04-20
1975;1828;21;2025-01-12
1976;682;77;2025-04-13
1977;747;73;2025-02-14
1978;504;87;2025-06-23
1979;285;28;2025-02-12
1980;914;16;2025-06-08
1981;990;2;2025-04-08
1982;1388;82;2025-03-19
1983;1599;39;2025-03-29
1984;422;70;2025-04-21
1985;39;56;2025-03-27
1986;689;55;2025-05-27
1987;256;55;2025-06-20
1988;1759;87;2025-03-18
1989;274;39;2025-04-03
1990;196;32;2025-05-18
1991;674;58;2025-05-03
1992;644;7;2025-03-03
1993;1312;9;2025-02-22
1994;841;8;2025-03-05
1995;1298;6;2025-03-07
1996;1495;96;2025-06-21
1997;1463;65;2025-01-13
1998;392;44;2025-04-10
1999;943;96;2025-06-17
2000;553;50;2025-01-11
2001;473;45;2025-01-28
2002;1543;77;2025-06-06
2003;1689;32;2025-05-14
2004;1837;12;2025-06-02
2005;800;58;2025-06-01
2006;1002;25;2025-05-28
2007;1651;91;2025-03-30
2008;1659;84;2025-03-22
2009;1067;39;2025-06-27
2010;438;45;2025-04-28
2011;119;50;2025-05-23
2012;1691;30;2025-01-27
2013;617;11;2025-05-19
2014;1867;39;2025-01-05
2015;1340;63;2025-06-29
2016;1149;3;2025-06-20
2017;822;71;2025-03-26
2018;1397;40;2025-04-12
2019;1668;15;2025-07-03
2020;1145;40;2025-01-29
2021;952;44;2025-05-01
2022;568;40;2025-02-02
2023;1968;43;2025-03-06
2024;357;49;2025-04-19
2025;752;20;2025-05-14
2026;1695;45;2025-02-20
2027;988;14;2025-05-31
2028;519;100;2025-03-02
2029;657;33;2025-03-04
2030;952;76;2025-01-18
2031;20;44;2025-03-13
2032;92;47;2025-03-01
2033;363;75;2025-05-31
2034;1621;94;2025-04-27
2035;190;85;2025-04-11
2036;41;30;2025-03-19
2037;311;74;2025-04-10
2038;607;36;2025-03-28
2039;550;1;2025-02-22
2040;1040;97;2025-06-26
2041;1727;100;2025-04-09
2042;1908;97;2025-05-24
2043;1572;49;2025-04-24
2044;1106;45;2025-03-18
2045;1614;3;2025-02-25
2046;268;27;2025-03-31
2047;748;81;2025-01-08
2048;1128;48;2025-06-15
2049;346;90;2025-03-07
2050;1985;15;2025-05-26
2051;1949;6;2025-05-29
2052;1356;84;2025-05-19
2053;399;63;2025-05-20
2054;1403;6;2025-02-08
2055;851;25;2025-05-01
2056;518;88;2025-02-15
2057;1096;51;2025-04-22
2058;315;25;2025-02-07
2059;549;57;2025-03-30
2060;1025;60;2025-06-10
2061;196;97;2025-01-12
2062;245;70;2025-02-10
2063;579;24;2025-02-13
2064;1994;10;2025-05-02
2065;1194;26;2025-02-12
2066;1420;93;2025-02-17
2067;984;74;2025-03-09
2068;627;100;2025-06-11
2069;457;21;2025-06-25
2070;601;20;2025-06-01
2071;1770;39;2025-01-14
2072;1432;57;2025-05-06
2073;1934;54;2025-05-01
2074;1171;19;2025-01-05
2075;665;64;2025-01-12
2076;299;79;2025-05-09
2077;361;69;2025-02-01
2078;1227;50;2025-06-30
2079;1177;67;2025-06-01
2080;406;92;2025-05-12
2081;1683;31;2025-03-25
2082;197;8;2025-05-06
2083;1647;23;2025-03-12
2084;636;9;2025-03-08
2085;1908;49;2025-06-08
2086;683;70;2025-03-22
2087;1526;10;2025-02-07
2088;1075;53;2025-05-23
2089;202;49;2025-06-05
2090;835;13;2025-05-04
2091;1945;94;2025-05-05
2092;1370;92;2025-04-28
2093;432;63;2025-04-21
2094;1156;45;2025-04-22
2095;1206;4;2025-01-06
2096;716;18;2025-04-01
2097;1142;56;2025-01-30
2098;118;100;2025-04-07
2099;1727;76;2025-05-27
2100;1293;71;2025-03-03
2101;200;1;2025-02-24
2102;1008;20;2025-01-29
2103;1636;8;2025-02-11
2104;756;19;2025-05-25
2105;210;9;2025-06-12
2106;825;58;2025-01-13
2107;1741;41;2025-02-27
2108;1187;93;2025-05-06
2109;1638;54;2025-04-19
2110;170;49;2025-02-08
2111;1790;12;2025-06-22
2112;538;70;2025-04-10
2113;257;92;2025-05-01
2114;1487;94;2025-01-10
2115;1532;43;2025-03-17
2116;832;20;2025-03-19
2117;77;10;2025-03-17
2118;44;17;2025-03-13
2119;903;5;2025-05-15
2120;1211;33;2025-05-14
2121;505;35;2025-01-29
2122;985;94;2025-05-28
2123;49;4;2025-01-25
2124;177;95;2025-03-29
2125;1360;99;2025-04-18
2126;1437;17;2025-04-06
2127;1926;39;2025-03-01
2128;638;70;2025-06-28
2129;1970;98;2025-03-20
2130;1564;8;2025-06-29
2131;1870;68;2025-03-14
2132;1038;25;2025-02-09
2133;1664;88;2025-05-23
2134;1437;96;2025-03-05
2135;1621;14;2025-05-04
2136;902;64;2025-04-22
2137;1537;89;2025-04-13
2138;620;88;2025-02-24
2139;1679;12;2025-05-19
2140;1422;43;2025-04-26
2141;810;37;2025-06-01
2142;1977;48;2025-04-06
2143;1614;49;2025-06-10
2144;1990;60;2025-05-27
2145;1407;62;2025-04-16
2146;538;1;2025-02-03
2147;1121;84;2025-02-06
2148;249;68;2025-04-10
2149;368;63;2025-02-07
2150;1615;8;2025-02-09
2151;1814;72;2025-04-29
2152;1867;80;2025-02-16
2153;658;75;2025-02-20
2154;1039;54;2025-01-31
2155;528;7;2025-06-06
2156;1864;55;2025-06-29
2157;1087;72;2025-06-07
2158;299;61;2025-03-24
2159;1042;91;2025-01-20
2160;1097;63;2025-02-14
2161;1577;17;2025-04-27
2162;300;29;2025-02-13
2163;920;11;2025-05-22
2164;605;36;2025-05-21
2165;143;44;2025-06-25
2166;1468;24;2025-05-06
2167;1256;73;2025-02-23
2168;136;80;2025-06-09
2169;680;39;2025-06-26
2170;430;25;2025-01-06
2171;926;22;2025-02-06
2172;6;8;2025-06-22
2173;790;48;2025-05-03
2174;1493;24;2025-05-07
2175;251;91;2025-02-11
2176;1451;41;2025-04-06
2177;665;37;2025-05-24
2178;912;46;2025-03-03
2179;179;65;2025-03-27
2180;912;35;2025-05-18
2181;1574;9;2025-06-19
2182;1244;98;2025-01-30
2183;1351;19;2025-02-19
2184;777;8;2025-06-04
2185;1591;98;2025-01-18
2186;1184;38;2025-06-01
2187;800;49;2025-01-31
2188;956;31;2025-06-13
2189;433;100;2025-06-25
2190;1052;47;2025-06-16
2191;926;79;2025-05-31
2192;1604;9;2025-04-21
2193;923;61;2025-03-02
2194;1723;59;2025-01-16
2195;683;44;2025-02-18
2196;401;79;2025-04-30
2197;287;30;2025-03-06
2198;549;10;2025-05-06
2199;498;73;2025-03-24
2200;76;97;2025-04-18
2201;228;57;2025-01-30
2202;1129;38;2025-03-07
2203;1781;9;2025-05-22
2204;723;70;2025-06-23
2205;758;26;2025-04-01
2206;1446;67;2025-04-21
2207;998;15;2025-06-08
2208;539;45;2025-01-12
2209;1422;35;2025-04-13
2210;128;51;2025-04-25
2211;1880;6;2025-03-31
2212;1197;9;2025-03-09
2213;309;77;2025-06-27
2214;1531;80;2025-01-22
2215;854;93;2025-05-06
2216;1854;63;2025-05-13
2217;628;22;2025-04-15
2218;1549;88;2025-03-07
2219;1773;27;2025-01-20
2220;1322;97;2025-04-19
2221;1493;83;2025-05-21
2222;171;89;2025-03-27
2223;68;21;2025-01-05
2224;1382;84;2025-06-10
2225;1846;3;2025-04-06
2226;944;41;2025-06-13
2227;1703;16;2025-03-31
2228;583;37;2025-04-02
2229;1595;65;2025-04-23
2230;598;88;2025-06-26
2231;559;4;2025-06-09
2232;821;39;2025-03-14
2233;729;16;2025-03-08
2234;1135;24;2025-06-03
2235;1677;16;2025-06-28
2236;1919;74;2025-01-05
2237;318;4;2025-06-08
2238;1983;25;2025-06-20
2239;1493;53;2025-03-14
2240;166;69;2025-04-23
2241;161;69;2025-02-18
2242;1330;3;2025-04-28
2243;601;58;2025-03-27
2244;1614;61;2025-05-04
2245;1979;69;2025-01-10
2246;1257;74;2025-05-14
2247;857;12;2025-01-19
2248;1553;80;2025-04-15
2249;1428;59;2025-04-02
2250;799;70;2025-06-07
2251;1078;58;2025-02-16
2252;1100;74;2025-02-12
2253;344;81;2025-05-20
2254;260;53;2025-05-06
2255;1359;34;2025-02-18
2256;966;2;2025-05-19
2257;920;9;2025-03-01
2258;1100;47;2025-02-27
2259;1443;44;2025-05-04
2260;498;86;2025-04-22
2261;356;21;2025-06-17
2262;265;46;2025-05-09
2263;86;92;2025-03-26
2264;701;80;2025-03-19
2265;1630;71;2025-04-29
2266;1749;26;2025-04-04
2267;1781;76;2025-03-01
2268;884;34;2025-02-28
2269;425;43;2025-02-16
2270;1234;28;2025-04-03
2271;1926;79;2025-06-01
2272;1725;26;2025-02-11
2273;1000;17;2025-01-07
2274;662;73;2025-01-18
2275;175;54;2025-01-13
2276;657;71;2025-01-22
2277;35;26;2025-04-05
2278;668;68;2025-04-29
2279;1968;67;2025-03-31
2280;1168;44;2025-04-06
2281;53;52;2025-03-26
2282;1837;24;2025-06-27
2283;1289;5;2025-02-05
2284;1154;38;2025-04-26
2285;1832;81;2025-06-17
2286;1289;3;2025-01-26
2287;306;2;2025-02-22
2288;1497;64;2025-02-08
2289;1685;43;2025-06-26
2290;1895;83;2025-06-07
2291;1871;52;2025-01-24
2292;1120;66;2025-01-26
2293;381;5;2025-03-05
2294;595;40;2025-01-31
2295;1077;7;2025-01-15
2296;1658;46;2025-02-12
2297;386;29;2025-05-29
2298;175;94;2025-06-19
2299;189;71;2025-01-30
2300;1666;41;2025-01-30
2301;754;98;2025-01-10
2302;525;60;2025-05-02
2303;1579;23;2025-01-08
2304;1764;43;2025-03-07
2305;60;71;2025-01-30
2306;562;56;2025-05-25
2307;862;6;2025-03-07
2308;374;31;2025-03-19
2309;351;3;2025-05-02
2310;395;85;2025-03-04
2311;1090;13;2025-01-10
2312;202;90;2025-03-02
2313;217;67;2025-03-29
2314;734;28;2025-03-19
2315;1637;19;2025-04-07
2316;1440;60;2025-01-19
2317;149;58;2025-05-20
2318;553;93;2025-04-01
2319;1231;37;2025-06-15
2320;1858;74;2025-06-26
2321;258;12;2025-06-18
2322;1096;17;2025-06-21
2323;1956;31;2025-03-09
2324;584;4;2025-04-11
2325;1520;25;2025-06-30
2326;1981;74;2025-01-31
2327;627;97;2025-05-29
2328;1539;19;2025-05-30
2329;571;65;2025-06-07
2330;1957;8;2025-01-17
2331;830;97;2025-03-05
2332;1613;18;2025-02-21
2333;347;82;2025-05-02
2334;197;22;2025-03-31
2335;156;7;2025-04-15
2336;1194;11;2025-03-06
2337;124;69;2025-04-29
2338;1499;43;2025-05-09
2339;989;15;2025-05-25
2340;1382;26;2025-04-29
2341;178;84;2025-01-09
2342;840;42;2025-04-16
2343;1553;68;2025-02-07
2344;1704;11;2025-01-08
2345;916;46;2025-03-05
2346;902;62;2025-06-25
2347;361;26;2025-04-15
2348;1045;69;2025-05-11
2349;556;91;2025-05-06
2350;1183;67;2025-01-03
2351;1760;29;2025-02-22
2352;120;18;2025-02-04
2353;1731;38;2025-06-22
2354;1950;26;2025-03-31
2355;1544;27;2025-01-11
2356;1055;68;2025-02-09
2357;1326;9;2025-03-14
2358;953;59;2025-05-05
2359;702;50;2025-02-23
2360;691;53;2025-02-25
2361;1689;63;2025-01-04
2362;1917;30;2025-02-24
2363;752;55;2025-06-13
2364;1945;4;2025-05-28
2365;323;85;2025-03-18
2366;62;23;2025-02-24
2367;1872;81;2025-02-27
2368;1552;87;2025-06-22
2369;1597;5;2025-06-25
2370;506;99;2025-05-27
2371;1081;16;2025-02-18
2372;781;86;2025-02-10
2373;1859;1;2025-03-19
2374;1237;34;2025-06-07
2375;15;93;2025-05-25
2376;1153;49;2025-03-27
2377;1052;30;2025-02-26
2378;65;57;2025-02-11
2379;1376;83;2025-02-27
2380;1507;35;2025-06-19
2381;1628;62;2025-02-23
2382;1475;73;2025-02-16
2383;1881;97;2025-04-27
2384;1226;21;2025-04-22
2385;1064;92;2025-04-13
2386;1475;61;2025-04-26
2387;1258;25;2025-06-13
2388;1612;2;2025-06-24
2389;48;14;2025-02-22
2390;1016;97;2025-04-20
2391;523;72;2025-02-26
2392;1351;57;2025-04-11
2393;1133;75;2025-04-24
2394;907;70;2025-06-01
2395;485;91;2025-03-14
2396;89;68;2025-04-17
2397;1041;42;2025-06-09
2398;439;35;2025-01-11
2399;66;77;2025-05-12
2400;904;19;2025-04-28
2401;167;89;2025-02-18
2402;643;43;2025-06-05
2403;1570;1;2025-02-13
2404;1201;7;2025-05-06
2405;113;86;2025-06-20
2406;1656;51;2025-06-04
2407;1579;19;2025-02-01
2408;1028;91;2025-06-22
2409;172;89;2025-06-01
2410;153;7;2025-03-13
2411;1153;16;2025-01-11
2412;1259;20;2025-02-28
2413;1806;27;2025-06-30
2414;1929;37;2025-01-04
2415;519;32;2025-04-18
2416;1437;21;2025-06-28
2417;294;18;2025-06-21
2418;931;40;2025-04-11
2419;1239;30;2025-06-06
2420;554;77;2025-05-22
2421;323;26;2025-05-07
2422;1683;95;2025-01-12
2423;324;4;2025-04-06
2424;1716;20;2025-03-23
2425;677;94;2025-01-25
2426;307;51;2025-02-03
2427;1486;64;2025-03-14
2428;1897;92;2025-05-14
2429;1549;58;2025-01-27
2430;1906;23;2025-02-09
2431;32;32;2025-06-26
2432;1765;25;2025-02-12
2433;1992;1;2025-03-30
2434;306;35;2025-03-22
2435;606;14;2025-02-04
2436;670;17;2025-01-19
2437;689;75;2025-03-02
2438;15;42;2025-04-26
2439;1119;63;2025-03-20
2440;569;29;2025-04-05
2441;1622;86;2025-03-01
2442;1073;49;2025-01-25
2443;935;5;2025-02-28
2444;1777;68;2025-02-26
2445;594;24;2025-02-24
2446;1971;59;2025-02-14
2447;1321;94;2025-02-04
2448;1759;9;2025-04-19
2449;1562;33;2025-02-07
2450;1742;25;2025-03-19
2451;1201;10;2025-05-28
2452;1339;88;2025-02-25
2453;231;75;2025-06-18
2454;1282;38;2025-01-28
2455;1024;38;2025-02-22
2456;1888;18;2025-02-25
2457;236;47;2025-01-11
2458;1077;76;2025-03-22
2459;580;57;2025-02-21
2460;1087;55;2025-04-08
2461;474;79;2025-04-28
2462;626;46;2025-06-24
2463;1043;76;2025-05-29
2464;957;27;2025-02-03
2465;10;88;2025-04-22
2466;1098;10;2025-04-20
2467;411;5;2025-05-12
2468;601;40;2025-06-29
2469;561;19;2025-05-10
2470;1268;85;2025-05-31
2471;816;76;2025-02-28
2472;682;41;2025-03-03
2473;387;18;2025-06-08
2474;248;17;2025-04-16
2475;179;97;2025-01-03
2476;1781;3;2025-04-29
2477;1417;57;2025-04-23
2478;1603;67;2025-05-28
2479;581;60;2025-01-16
2480;1061;70;2025-06-03
2481;1768;49;2025-04-21
2482;985;83;2025-06-15
2483;1930;69;2025-02-12
2484;1229;49;2025-03-05
2485;1205;70;2025-03-19
2486;1509;26;2025-03-07
2487;1554;50;2025-06-11
2488;1322;65;2025-04-26
2489;1985;30;2025-01-06
2490;1053;86;2025-06-10
2491;1698;66;2025-03-08
2492;1283;69;2025-04-24
2493;1275;70;2025-04-08
2494;1865;55;2025-04-02
2495;1741;32;2025-04-02
2496;1248;58;2025-02-25
2497;858;29;2025-05-15
2498;1919;25;2025-02-04
2499;794;45;2025-06-24
2500;1906;73;2025-04-01
2501;1606;20;2025-06-05
2502;1764;53;2025-05-13
2503;313;58;2025-04-25
2504;1590;85;2025-03-19
2505;917;67;2025-03-18
2506;1261;50;2025-01-07
2507;1229;74;2025-05-23
2508;1705;12;2025-05-26
2509;405;90;2025-03-30
2510;1591;8;2025-04-21
2511;729;59;2025-03-29
2512;1642;100;2025-02-01
2513;801;71;2025-04-12
2514;1817;31;2025-06-08
2515;1397;77;2025-01-20
2516;1369;59;2025-01-10
2517;1224;60;2025-01-25
2518;1927;62;2025-04-22
2519;1364;16;2025-05-22
2520;204;26;2025-04-27
2521;1228;56;2025-04-17
2522;1249;80;2025-02-16
2523;1625;81;2025-06-07
2524;1441;49;2025-03-06
2525;637;11;2025-02-23
2526;1569;21;2025-04-13
2527;1102;25;2025-02-06
2528;1181;48;2025-03-06
2529;1143;43;2025-01-16
2530;1055;67;2025-05-06
2531;1884;48;2025-07-02
2532;1016;22;2025-03-06
2533;1589;49;2025-06-21
2534;818;41;2025-04-29
2535;523;27;2025-04-04
2536;364;28;2025-01-18
2537;598;20;2025-01-25
2538;908;36;2025-04-29
2539;668;39;2025-06-12
2540;89;74;2025-04-07
2541;1704;49;2025-04-05
2542;196;42;2025-03-18
2543;442;14;2025-05-12
2544;877;84;2025-01-03
2545;1220;88;2025-02-07
2546;223;24;2025-05-23
2547;695;35;2025-05-01
2548;1249;32;2025-04-26
2549;843;18;2025-04-13
2550;696;68;2025-01-07
2551;930;50;2025-03-26
2552;1186;27;2025-03-25
2553;1430;8;2025-01-25
2554;1740;85;2025-04-30
2555;1646;68;2025-07-01
2556;303;83;2025-02-16
2557;1455;10;2025-05-20
2558;1034;63;2025-03-24
2559;454;33;2025-03-17
2560;460;84;2025-02-22
2561;1565;84;2025-01-03
2562;954;4;2025-01-04
2563;1184;82;2025-03-17
2564;1611;49;2025-01-04
2565;126;26;2025-02-18
2566;1722;100;2025-04-07
2567;1828;54;2025-01-23
2568;1206;15;2025-04-08
2569;957;22;2025-06-21
2570;14;32;2025-03-10
2571;961;56;2025-06-15
2572;893;9;2025-05-31
2573;706;60;2025-05-01
2574;1608;49;2025-01-23
2575;275;87;2025-05-12
2576;742;28;2025-06-30
2577;721;1;2025-01-16
2578;1044;56;2025-03-14
2579;1127;30;2025-02-26
2580;792;30;2025-05-30
2581;873;30;2025-02-04
2582;806;51;2025-02-06
2583;1727;39;2025-02-16
2584;868;76;2025-01-17
2585;520;79;2025-05-11
2586;254;100;2025-02-18
2587;595;97;2025-02-02
2588;1478;85;2025-04-08
2589;1353;37;2025-05-06
2590;1600;35;2025-01-23
2591;717;73;2025-05-11
2592;1652;70;2025-05-20
2593;646;55;2025-01-08
2594;1610;88;2025-01-06
2595;534;63;2025-02-21
2596;233;77;2025-02-12
2597;1562;6;2025-03-05
2598;431;36;2025-03-21
2599;1632;29;2025-06-13
2600;109;93;2025-04-19
2601;587;1;2025-04-12
2602;1453;93;2025-04-11
2603;1360;55;2025-05-28
2604;505;25;2025-02-28
2605;905;70;2025-04-05
2606;785;92;2025-01-12
2607;1499;99;2025-03-14
2608;250;72;2025-02-25
2609;803;92;2025-01-05
2610;1255;67;2025-06-21
2611;350;42;2025-01-18
2612;1511;48;2025-06-04
2613;1032;15;2025-03-16
2614;845;56;2025-02-09
2615;923;57;2025-01-11
2616;620;28;2025-04-22
2617;609;85;2025-01-21
2618;1630;81;2025-02-02
2619;357;85;2025-05-05
2620;1708;22;2025-06-11
2621;1920;33;2025-02-12
2622;971;29;2025-01-09
2623;1796;8;2025-05-05
2624;1980;18;2025-03-16
2625;886;77;2025-03-18
2626;1526;79;2025-06-01
2627;1375;83;2025-06-02
2628;1542;30;2025-05-30
2629;1129;59;2025-07-02
2630;380;92;2025-05-23
2631;384;12;2025-06-17
2632;392;12;2025-03-07
2633;1751;61;2025-05-09
2634;1254;53;2025-02-20
2635;774;86;2025-04-19
2636;1575;3;2025-03-03
2637;1868;50;2025-04-02
2638;1132;21;2025-04-04
2639;682;40;2025-01-28
2640;1222;99;2025-05-09
2641;1378;16;2025-04-20
2642;908;61;2025-02-08
2643;1850;66;2025-04-25
2644;1826;100;2025-01-20
2645;180;1;2025-06-07
2646;1032;55;2025-02-14
2647;1379;3;2025-01-07
2648;1044;45;2025-03-05
2649;1388;57;2025-01-14
2650;94;84;2025-05-14
2651;574;98;2025-06-14
2652;135;52;2025-06-12
2653;1403;31;2025-06-23
2654;1006;3;2025-05-04
2655;461;54;2025-03-15
2656;518;30;2025-04-01
2657;1795;5;2025-03-25
2658;516;63;2025-04-19
2659;1548;80;2025-06-23
2660;45;46;2025-03-21
2661;1013;68;2025-02-01
2662;1069;86;2025-03-07
2663;241;58;2025-04-30
2664;955;100;2025-03-04
2665;1912;95;2025-05-29
2666;1218;24;2025-05-03
2667;726;75;2025-06-26
2668;961;98;2025-01-10
2669;1992;95;2025-02-25
2670;253;7;2025-03-30
2671;1713;88;2025-06-13
2672;282;59;2025-04-08
2673;1785;11;2025-02-16
2674;1672;44;2025-05-26
2675;1588;42;2025-02-01
2676;1466;46;2025-03-23
2677;1623;48;2025-05-19
2678;430;87;2025-03-24
2679;62;50;2025-01-08
2680;1042;62;2025-05-31
2681;1406;92;2025-02-26
2682;1868;69;2025-04-04
2683;800;3;2025-06-01
2684;100;20;2025-01-05
2685;1609;88;2025-04-02
2686;1761;5;2025-03-09
2687;1236;64;2025-01-13
2688;1914;9;2025-03-10
2689;1894;41;2025-04-20
2690;1865;82;2025-05-28
2691;469;73;2025-02-07
2692;1909;3;2025-01-09
2693;1767;56;2025-05-02
2694;837;49;2025-01-10
2695;1570;27;2025-01-13
2696;774;10;2025-05-13
2697;163;94;2025-01-07
2698;1472;11;2025-02-13
2699;1598;33;2025-05-08
2700;987;51;2025-02-19
2701;652;63;2025-02-26
2702;1866;4;2025-06-16
2703;164;18;2025-02-02
2704;430;58;2025-05-01
2705;921;77;2025-01-27
2706;395;3;2025-01-23
2707;1520;54;2025-05-16
2708;1869;21;2025-06-08
2709;1222;53;2025-05-27
2710;913;86;2025-01-09
2711;1103;3;2025-04-23
2712;689;33;2025-02-13
2713;1940;73;2025-01-07
2714;1281;63;2025-04-20
2715;698;85;2025-03-30
2716;1387;84;2025-02-05
2717;880;55;2025-01-29
2718;300;54;2025-05-06
2719;1239;48;2025-05-29
2720;1139;21;2025-06-25
2721;1797;36;2025-05-26
2722;645;4;2025-03-12
2723;444;40;2025-05-03
2724;108;92;2025-02-12
2725;571;96;2025-02-26
2726;1800;15;2025-04-22
2727;30;31;2025-04-24
2728;6;98;2025-01-14
2729;1849;38;2025-02-05
2730;1551;62;2025-02-27
2731;1952;56;2025-03-29
2732;1106;47;2025-03-30
2733;436;53;2025-06-19
2734;1682;4;2025-06-13
2735;1500;86;2025-03-10
2736;873;51;2025-01-08
2737;1032;81;2025-04-22
2738;1827;73;2025-05-06
2739;1514;89;2025-03-09
2740;1558;44;2025-05-09
2741;131;20;2025-01-28
2742;857;94;2025-03-10
2743;30;77;2025-06-30
2744;1764;69;2025-06-19
2745;1425;34;2025-04-10
2746;1405;14;2025-04-06
2747;902;93;2025-05-07
2748;1474;56;2025-04-10
2749;821;28;2025-05-04
2750;1898;29;2025-01-20
2751;1006;84;2025-01-17
2752;342;19;2025-04-21
2753;1418;33;2025-04-18
2754;415;28;2025-01-10
2755;1427;26;2025-05-27
2756;1681;57;2025-01-21
2757;1090;52;2025-03-30
2758;761;84;2025-06-30
2759;395;93;2025-06-07
2760;650;21;2025-04-29
2761;495;89;2025-04-02
2762;417;77;2025-05-28
2763;1588;14;2025-02-03
2764;1917;61;2025-03-16
2765;1157;64;2025-01-14
2766;1342;8;2025-01-23
2767;1243;87;2025-06-23
2768;1875;75;2025-02-03
2769;155;63;2025-01-13
2770;855;35;2025-02-11
2771;126;23;2025-03-16
2772;1413;68;2025-02-05
2773;527;37;2025-04-13
2774;1940;90;2025-03-28
2775;657;39;2025-05-24
2776;1826;11;2025-05-29
2777;445;61;2025-02-03
2778;1244;52;2025-02-16
2779;1970;81;2025-04-01
2780;1228;79;2025-05-27
2781;1926;92;2025-02-15
2782;182;48;2025-01-03
2783;1469;72;2025-03-07
2784;431;10;2025-05-26
2785;1042;42;2025-06-11
2786;1843;44;2025-06-22
2787;57;66;2025-03-16
2788;1155;11;2025-02-19
2789;190;18;2025-03-28
2790;993;55;2025-04-16
2791;93;72;2025-01-19
2792;452;57;2025-02-11
2793;179;88;2025-05-27
2794;1409;40;2025-02-28
2795;884;10;2025-06-26
2796;773;95;2025-05-26
2797;1969;97;2025-06-27
2798;1307;33;2025-04-23
2799;1782;50;2025-04-14
2800;346;91;2025-05-24
2801;97;60;2025-05-21
2802;467;79;2025-01-27
2803;1187;83;2025-03-13
2804;961;80;2025-06-01
2805;1706;62;2025-05-09
2806;1978;12;2025-06-05
2807;1653;14;2025-01-25
2808;1906;23;2025-01-22
2809;314;56;2025-06-01
2810;137;23;2025-01-02
2811;384;8;2025-02-01
2812;1852;27;2025-07-01
2813;771;72;2025-02-24
2814;489;29;2025-02-27
2815;274;90;2025-02-07
2816;96;13;2025-03-04
2817;1346;75;2025-01-04
2818;344;7;2025-04-10
2819;365;48;2025-06-29
2820;1457;73;2025-04-10
2821;329;58;2025-02-09
2822;181;16;2025-01-31
2823;197;52;2025-02-19
2824;907;64;2025-01-06
2825;1362;95;2025-01-11
2826;917;77;2025-03-25
2827;696;29;2025-03-04
2828;660;96;2025-01-05
2829;905;63;2025-04-27
2830;222;34;2025-02-12
2831;64;10;2025-06-08
2832;61;85;2025-03-20
2833;132;42;2025-06-25
2834;721;15;2025-05-26
2835;1111;6;2025-02-02
2836;1183;30;2025-02-03
2837;1512;65;2025-01-28
2838;992;39;2025-05-29
2839;865;74;2025-03-27
2840;154;49;2025-04-30
2841;1812;37;2025-06-20
2842;626;54;2025-05-11
2843;441;13;2025-06-30
2844;1463;79;2025-05-18
2845;278;55;2025-03-06
2846;711;77;2025-03-05
2847;1502;22;2025-04-19
2848;510;96;2025-02-27
2849;1292;37;2025-01-18
2850;537;85;2025-01-26
2851;957;34;2025-03-09
2852;601;95;2025-03-28
2853;1568;72;2025-06-12
2854;1492;51;2025-03-26
2855;1567;60;2025-01-31
2856;738;74;2025-01-02
2857;755;18;2025-05-18
2858;1096;70;2025-02-13
2859;632;63;2025-01-15
2860;1295;7;2025-01-04
2861;872;43;2025-06-02
2862;1793;86;2025-02-12
2863;139;4;2025-05-29
2864;1452;48;2025-03-12
2865;936;87;2025-06-21
2866;1834;5;2025-07-01
2867;1567;1;2025-05-11
2868;350;67;2025-03-02
2869;961;67;2025-06-16
2870;961;93;2025-06-10
2871;649;8;2025-03-16
2872;729;19;2025-06-12
2873;859;80;2025-04-05
2874;281;71;2025-03-21
2875;940;38;2025-05-07
2876;1664;51;2025-02-10
2877;938;57;2025-06-13
2878;1008;2;2025-02-13
2879;1207;37;2025-06-12
2880;1559;35;2025-03-25
2881;1611;98;2025-04-13
2882;1821;11;2025-02-27
2883;330;2;2025-03-17
2884;1047;43;2025-02-09
2885;157;99;2025-05-17
2886;1016;53;2025-04-26
2887;1236;18;2025-06-19
2888;1670;7;2025-03-17
2889;995;46;2025-05-11
2890;1925;26;2025-05-01
2891;1176;30;2025-04-08
2892;1337;55;2025-02-24
2893;1517;92;2025-05-13
2894;1270;30;2025-04-30
2895;947;35;2025-02-11
2896;1570;91;2025-06-04
2897;1831;22;2025-06-04
2898;1950;94;2025-04-11
2899;1390;68;2025-06-11
2900;770;67;2025-05-20
2901;1408;54;2025-01-13
2902;1844;47;2025-06-12
2903;1916;86;2025-01-21
2904;850;34;2025-05-31
2905;1907;78;2025-05-12
2906;305;32;2025-04-15
2907;1244;26;2025-01-18
2908;1544;53;2025-06-11
2909;1285;100;2025-03-11
2910;513;11;2025-03-04
2911;1766;20;2025-03-05
2912;1664;16;2025-01-05
2913;861;53;2025-02-15
2914;387;34;2025-04-18
2915;1570;75;2025-05-16
2916;634;90;2025-01-02
2917;238;69;2025-05-14
2918;7;28;2025-06-23
2919;193;84;2025-05-11
2920;1561;25;2025-04-30
2921;151;97;2025-02-13
2922;101;35;2025-06-22
2923;248;40;2025-06-01
2924;1041;40;2025-02-04
2925;1720;46;2025-06-19
2926;1479;40;2025-05-21
2927;1743;82;2025-07-01
2928;753;29;2025-03-31
2929;1938;38;2025-05-27
2930;471;48;2025-01-09
2931;1925;16;2025-01-29
2932;831;12;2025-05-07
2933;1207;18;2025-05-08
2934;1487;61;2025-01-05
2935;1060;78;2025-04-21
2936;648;3;2025-05-09
2937;1593;27;2025-01-15
2938;1877;24;2025-06-22
2939;1543;98;2025-03-02
2940;1238;41;2025-01-27
2941;1073;62;2025-02-09
2942;519;62;2025-04-05
2943;1232;52;2025-01-07
2944;1493;41;2025-02-07
2945;858;68;2025-04-11
2946;1747;89;2025-01-12
2947;35;3;2025-05-28
2948;447;69;2025-04-30
2949;403;54;2025-03-06
2950;419;93;2025-06-27
2951;18;92;2025-04-11
2952;1541;47;2025-03-04
2953;967;25;2025-04-02
2954;1912;20;2025-05-26
2955;1725;68;2025-05-08
2956;147;71;2025-02-05
2957;1888;39;2025-05-16
2958;856;88;2025-04-09
2959;1568;41;2025-04-01
2960;300;68;2025-02-05
2961;1981;9;2025-02-01
2962;1672;39;2025-04-06
2963;1943;25;2025-01-30
2964;1830;47;2025-03-03
2965;1113;9;2025-01-21
2966;1354;60;2025-05-18
2967;1043;1;2025-01-16
2968;1480;91;2025-05-18
2969;16;54;2025-02-14
2970;1514;21;2025-05-02
2971;1363;71;2025-06-23
2972;962;32;2025-02-25
2973;1335;14;2025-05-04
2974;380;30;2025-05-18
2975;457;61;2025-05-12
2976;1404;77;2025-03-07
2977;739;48;2025-04-01
2978;1839;6;2025-03-03
2979;176;52;2025-01-04
2980;621;63;2025-01-06
2981;1393;60;2025-05-19
2982;359;54;2025-01-06
2983;1181;37;2025-04-03
2984;1745;10;2025-03-20
2985;1024;56;2025-05-29
2986;1748;70;2025-06-26
2987;71;77;2025-01-27
2988;149;5;2025-01-03
2989;1261;3;2025-02-09
2990;1837;76;2025-05-16
2991;1316;68;2025-06-27
2992;1309;69;2025-04-20
2993;889;2;2025-01-25
2994;408;84;2025-05-09
2995;933;13;2025-03-26
2996;350;88;2025-05-24
2997;1424;3;2025-03-16
2998;1731;18;2025-04-14
2999;1316;10;2025-04-02
3000;527;89;2025-06-03
3001;1511;81;2025-01-07
3002;392;89;2025-01-08
3003;504;24;2025-06-02
3004;1920;36;2025-05-07
3005;990;25;2025-03-17
3006;1415;74;2025-05-27
3007;1144;57;2025-05-23
3008;1059;31;2025-02-26
3009;1390;67;2025-06-11
3010;578;97;2025-03-22
3011;824;12;2025-02-08
3012;1365;21;2025-04-20
3013;321;60;2025-05-12
3014;24;37;2025-06-10
3015;1563;12;2025-03-03
3016;386;90;2025-06-04
3017;1651;28;2025-05-02
3018;1444;60;2025-01-26
3019;1180;95;2025-04-28
3020;1762;81;2025-05-29
3021;880;53;2025-06-14
3022;507;83;2025-01-20
3023;1102;20;2025-04-25
3024;1704;53;2025-05-23
3025;1278;73;2025-05-13
3026;752;82;2025-03-10
3027;127;7;2025-02-25
3028;841;14;2025-02-08
3029;1985;78;2025-04-26
3030;1074;48;2025-02-18
3031;1836;83;2025-02-01
3032;1846;3;2025-05-26
3033;1439;86;2025-06-23
3034;247;4;2025-03-25
3035;1973;80;2025-04-01
3036;773;54;2025-01-13
3037;1844;15;2025-04-18
3038;227;68;2025-04-27
3039;1179;4;2025-01-28
3040;1911;18;2025-04-26
3041;812;69;2025-05-30
3042;633;15;2025-03-12
3043;44;4;2025-06-29
3044;1624;51;2025-04-21
3045;1344;77;2025-03-25
3046;480;68;2025-03-15
3047;1527;65;2025-01-21
3048;1822;17;2025-03-05
3049;1953;23;2025-04-29
3050;458;54;2025-04-25
3051;1148;95;2025-03-20
3052;646;3;2025-01-10
3053;1364;68;2025-05-09
3054;1276;66;2025-01-13
3055;1010;38;2025-03-18
3056;704;46;2025-06-01
3057;72;78;2025-06-16
3058;384;57;2025-06-21
3059;1774;72;2025-02-22
3060;1205;47;2025-02-25
3061;1832;73;2025-05-15
3062;226;57;2025-06-05
3063;1120;23;2025-03-13
3064;772;47;2025-04-01
3065;850;21;2025-03-20
3066;1592;70;2025-01-15
3067;154;14;2025-04-12
3068;10;37;2025-02-09
3069;1;11;2025-03-02
3070;757;60;2025-06-28
3071;725;53;2025-02-01
3072;1294;100;2025-02-25
3073;967;61;2025-03-13
3074;203;7;2025-06-22
3075;813;97;2025-05-11
3076;1087;70;2025-05-27
3077;1660;91;2025-04-30
3078;893;61;2025-02-05
3079;492;61;2025-05-19
3080;1994;57;2025-04-19
3081;1592;5;2025-06-22
3082;4;20;2025-03-02
3083;1458;5;2025-06-10
3084;924;17;2025-04-27
3085;1797;16;2025-02-19
3086;72;61;2025-04-07
3087;389;44;2025-03-01
3088;1002;40;2025-05-11
3089;698;83;2025-02-04
3090;1322;97;2025-02-10
3091;835;94;2025-04-18
3092;1470;4;2025-01-21
3093;1598;87;2025-05-31
3094;1459;25;2025-03-29
3095;1533;43;2025-02-17
3096;866;98;2025-04-15
3097;1569;13;2025-06-11
3098;1798;79;2025-06-26
3099;1521;2;2025-02-18
3100;853;80;2025-01-17
3101;176;85;2025-05-08
3102;1433;78;2025-04-25
3103;610;90;2025-02-23
3104;1748;62;2025-03-31
3105;1522;72;2025-01-20
3106;422;76;2025-03-25
3107;765;50;2025-06-25
3108;795;29;2025-05-19
3109;1573;67;2025-04-07
3110;1465;56;2025-04-06
3111;972;81;2025-01-27
3112;1723;43;2025-03-12
3113;1345;68;2025-06-23
3114;1909;69;2025-01-29
3115;457;13;2025-01-10
3116;1195;38;2025-01-18
3117;1046;7;2025-06-16
3118;114;18;2025-05-11
3119;852;71;2025-02-11
3120;102;65;2025-05-28
3121;507;52;2025-07-01
3122;1172;11;2025-05-04
3123;41;72;2025-01-18
3124;278;69;2025-01-20
3125;1632;58;2025-01-22
3126;1858;23;2025-03-30
3127;1121;34;2025-06-08
3128;731;7;2025-05-22
3129;1749;37;2025-05-16
3130;840;90;2025-05-06
3131;1128;88;2025-06-27
3132;101;9;2025-05-04
3133;4;19;2025-06-15
3134;520;75;2025-04-25
3135;567;54;2025-04-17
3136;1952;58;2025-05-31
3137;1832;1;2025-02-11
3138;1029;37;2025-06-10
3139;1126;63;2025-03-04
3140;591;83;2025-01-14
3141;55;71;2025-05-06
3142;191;18;2025-03-20
3143;1083;52;2025-04-02
3144;1638;19;2025-05-20
3145;519;2;2025-03-11
3146;133;40;2025-03-06
3147;371;48;2025-05-05
3148;1214;95;2025-03-01
3149;655;42;2025-04-01
3150;568;27;2025-02-18
3151;480;77;2025-01-17
3152;1911;93;2025-06-24
3153;381;90;2025-06-04
3154;1024;86;2025-05-10
3155;168;12;2025-04-24
3156;1059;2;2025-03-31
3157;139;66;2025-04-26
3158;186;78;2025-05-25
3159;694;50;2025-06-13
3160;1069;34;2025-06-10
3161;1576;15;2025-06-30
3162;1995;74;2025-04-02
3163;1597;87;2025-05-18
3164;922;57;2025-02-18
3165;991;73;2025-03-27
3166;460;1;2025-05-29
3167;982;62;2025-01-02
3168;394;37;2025-01-11
3169;1763;59;2025-05-16
3170;908;96;2025-02-22
3171;985;69;2025-04-02
3172;1260;88;2025-05-22
3173;1032;18;2025-04-04
3174;1506;85;2025-05-29
3175;502;69;2025-04-15
3176;1570;67;2025-01-24
3177;979;29;2025-04-15
3178;446;73;2025-03-16
3179;716;24;2025-03-17
3180;1785;56;2025-03-11
3181;1439;16;2025-06-23
3182;778;10;2025-01-29
3183;1392;30;2025-05-24
3184;197;62;2025-01-15
3185;904;93;2025-06-02
3186;1586;11;2025-01-26
3187;1709;70;2025-04-27
3188;1351;70;2025-06-14
3189;1492;12;2025-03-08
3190;1219;27;2025-05-08
3191;804;12;2025-02-13
3192;1352;38;2025-03-24
3193;7;9;2025-04-23
3194;1674;70;2025-02-11
3195;1768;14;2025-04-02
3196;149;21;2025-05-31
3197;1367;31;2025-03-13
3198;1308;87;2025-05-12
3199;257;57;2025-04-27
3200;597;28;2025-06-08
3201;688;69;2025-05-12
3202;1300;85;2025-04-11
3203;1196;74;2025-05-31
3204;710;13;2025-02-13
3205;1975;54;2025-06-26
3206;1564;35;2025-01-12
3207;991;23;2025-06-02
3208;31;74;2025-03-05
3209;1675;17;2025-02-10
3210;1511;69;2025-06-17
3211;148;46;2025-04-04
3212;1466;14;2025-04-03
3213;123;34;2025-04-14
3214;1870;37;2025-02-06
3215;1309;81;2025-02-04
3216;297;80;2025-01-29
3217;1891;14;2025-04-14
3218;725;59;2025-04-20
3219;1401;50;2025-05-09
3220;740;44;2025-03-12
3221;931;87;2025-01-15
3222;1703;82;2025-02-16
3223;1227;60;2025-03-03
3224;1010;40;2025-01-13
3225;580;60;2025-02-24
3226;862;65;2025-01-08
3227;1716;38;2025-03-02
3228;1953;1;2025-02-19
3229;216;10;2025-01-18
3230;1644;20;2025-03-02
3231;751;3;2025-04-25
3232;909;76;2025-01-23
3233;176;89;2025-03-29
3234;137;72;2025-02-12
3235;1482;82;2025-01-31
3236;975;7;2025-02-20
3237;60;26;2025-01-27
3238;26;41;2025-01-18
3239;1782;85;2025-02-24
3240;811;39;2025-02-08
3241;260;19;2025-01-17
3242;259;88;2025-01-22
3243;305;81;2025-03-16
3244;1939;6;2025-03-11
3245;197;21;2025-05-04
3246;1535;92;2025-04-27
3247;979;1;2025-01-25
3248;157;14;2025-03-25
3249;1629;75;2025-02-25
3250;1888;74;2025-02-11
3251;547;85;2025-02-11
3252;195;90;2025-06-03
3253;1515;33;2025-05-14
3254;1324;24;2025-01-09
3255;495;13;2025-02-18
3256;1021;8;2025-04-01
3257;1744;84;2025-04-21
3258;1433;46;2025-03-08
3259;380;31;2025-04-25
3260;589;94;2025-03-30
3261;491;93;2025-01-30
3262;209;15;2025-03-06
3263;1343;51;2025-01-13
3264;219;82;2025-05-04
3265;372;95;2025-02-13
3266;1857;41;2025-05-25
3267;1542;88;2025-07-01
3268;1762;24;2025-01-18
3269;1928;98;2025-03-20
3270;421;54;2025-06-09
3271;910;53;2025-06-18
3272;1754;100;2025-01-05
3273;32;72;2025-03-03
3274;1881;74;2025-03-26
3275;255;32;2025-01-10
3276;1368;42;2025-02-15
3277;660;28;2025-02-04
3278;842;76;2025-06-25
3279;1568;47;2025-01-25
3280;205;84;2025-01-20
3281;53;16;2025-03-06
3282;1586;55;2025-05-05
3283;1190;86;2025-01-15
3284;1884;82;2025-05-16
3285;295;83;2025-04-13
3286;612;68;2025-05-25
3287;687;15;2025-04-10
3288;1653;12;2025-06-09
3289;50;60;2025-02-10
3290;660;50;2025-03-27
3291;1474;27;2025-01-21
3292;1021;82;2025-06-04
3293;1511;89;2025-01-16
3294;1499;84;2025-04-23
3295;1834;1;2025-06-01
3296;964;38;2025-03-28
3297;723;100;2025-06-24
3298;1160;19;2025-06-07
3299;223;98;2025-01-08
3300;1282;80;2025-06-26
3301;1972;18;2025-02-12
3302;515;88;2025-01-23
3303;261;54;2025-06-25
3304;1600;32;2025-04-30
3305;1533;77;2025-05-30
3306;1645;4;2025-05-29
3307;1088;66;2025-03-27
3308;719;58;2025-05-26
3309;1735;25;2025-05-28
3310;892;3;2025-04-24
3311;871;12;2025-01-17
3312;1418;18;2025-01-24
3313;702;13;2025-06-19
3314;232;55;2025-04-22
3315;1626;41;2025-04-20
3316;557;19;2025-04-02
3317;1311;77;2025-06-28
3318;1902;80;2025-02-05
3319;1082;78;2025-05-02
3320;1107;19;2025-06-15
3321;384;92;2025-04-23
3322;1396;86;2025-03-11
3323;1702;56;2025-01-27
3324;286;23;2025-05-07
3325;218;89;2025-03-18
3326;1244;55;2025-03-30
3327;74;72;2025-04-13
3328;1372;55;2025-01-08
3329;1277;29;2025-01-26
3330;1256;83;2025-02-03
3331;1321;7;2025-05-28
3332;1153;75;2025-04-06
3333;1594;93;2025-01-16
3334;1506;75;2025-01-03
3335;96;21;2025-04-02
3336;1298;83;2025-06-23
3337;809;68;2025-05-01
3338;1802;47;2025-05-27
3339;1786;81;2025-06-02
3340;1651;63;2025-05-27
3341;430;86;2025-02-23
3342;908;85;2025-01-24
3343;1665;38;2025-05-05
3344;118;40;2025-06-28
3345;850;53;2025-05-09
3346;478;76;2025-02-20
3347;1353;75;2025-05-28
3348;1945;49;2025-01-04
3349;109;17;2025-06-19
3350;1479;68;2025-03-13
3351;1701;88;2025-05-04
3352;1023;53;2025-04-03
3353;1141;44;2025-04-16
3354;1742;29;2025-01-13
3355;710;54;2025-01-20
3356;604;39;2025-01-04
3357;249;78;2025-01-24
3358;1632;22;2025-04-22
3359;1842;48;2025-05-03
3360;743;1;2025-04-25
3361;743;57;2025-04-26
3362;1950;44;2025-04-05
3363;1505;58;2025-05-20
3364;1547;53;2025-02-03
3365;79;65;2025-04-05
3366;1765;16;2025-05-13
3367;1658;62;2025-06-08
3368;304;71;2025-03-28
3369;1789;5;2025-04-04
3370;1967;67;2025-05-27
3371;1464;87;2025-01-02
3372;764;83;2025-01-04
3373;539;58;2025-02-02
3374;1900;29;2025-05-08
3375;518;4;2025-01-24
3376;189;46;2025-05-25
3377;1237;92;2025-02-26
3378;1171;45;2025-03-11
3379;918;70;2025-05-14
3380;319;45;2025-03-05
3381;1355;13;2025-04-10
3382;1989;40;2025-02-21
3383;214;6;2025-05-28
3384;1039;48;2025-02-20
3385;24;14;2025-04-08
3386;1364;86;2025-06-07
3387;253;37;2025-05-25
3388;1266;30;2025-04-01
3389;853;41;2025-05-21
3390;278;29;2025-01-18
3391;115;13;2025-06-14
3392;1312;40;2025-05-16
3393;1074;80;2025-06-16
3394;1834;48;2025-03-30
3395;1107;24;2025-03-03
3396;1294;67;2025-02-24
3397;1677;20;2025-02-01
3398;1067;54;2025-04-14
3399;519;82;2025-01-31
3400;603;37;2025-04-10
3401;285;20;2025-06-03
3402;1750;50;2025-02-08
3403;366;26;2025-06-06
3404;278;46;2025-05-03
3405;834;41;2025-05-17
3406;277;31;2025-05-19
3407;1330;93;2025-04-20
3408;124;18;2025-04-06
3409;108;44;2025-02-08
3410;1304;33;2025-05-31
3411;224;35;2025-04-12
3412;1535;57;2025-01-18
3413;1285;1;2025-06-25
3414;939;42;2025-03-07
3415;1477;87;2025-04-01
3416;1892;76;2025-03-03
3417;1966;8;2025-04-28
3418;266;4;2025-06-14
3419;308;1;2025-02-25
3420;1355;68;2025-01-29
3421;1168;98;2025-01-17
3422;260;85;2025-04-05
3423;1318;17;2025-05-04
3424;674;46;2025-06-17
3425;599;82;2025-03-26
3426;1911;39;2025-05-20
3427;1269;75;2025-05-03
3428;1991;60;2025-01-23
3429;824;63;2025-04-11
3430;1909;88;2025-06-21
3431;1873;33;2025-04-27
3432;1902;48;2025-04-26
3433;1746;37;2025-05-10
3434;1317;58;2025-03-01
3435;1999;63;2025-05-28
3436;631;83;2025-05-27
3437;248;78;2025-03-27
3438;6;23;2025-02-27
3439;1225;92;2025-02-15
3440;1386;10;2025-05-03
3441;158;8;2025-02-12
3442;1369;41;2025-02-25
3443;1764;98;2025-03-07
3444;1985;7;2025-06-17
3445;788;5;2025-06-15
3446;915;87;2025-04-02
3447;928;10;2025-01-07
3448;216;79;2025-03-13
3449;558;85;2025-01-24
3450;929;9;2025-06-27
3451;623;9;2025-04-07
3452;859;58;2025-04-05
3453;6;35;2025-05-14
3454;1186;12;2025-01-17
3455;229;29;2025-04-22
3456;888;38;2025-01-18
3457;1247;65;2025-06-23
3458;1088;18;2025-05-18
3459;1788;63;2025-05-28
3460;1941;90;2025-04-14
3461;1226;32;2025-01-18
3462;1558;45;2025-06-08
3463;1405;89;2025-04-23
3464;1026;56;2025-06-26
3465;1762;24;2025-04-21
3466;1836;94;2025-04-11
3467;172;28;2025-01-19
3468;554;16;2025-04-01
3469;170;10;2025-02-04
3470;541;38;2025-06-29
3471;642;77;2025-05-04
3472;831;93;2025-03-14
3473;1431;59;2025-01-26
3474;780;58;2025-05-16
3475;279;31;2025-02-07
3476;131;48;2025-04-08
3477;1920;74;2025-05-04
3478;1765;98;2025-03-08
3479;1604;28;2025-06-18
3480;1409;36;2025-02-20
3481;672;90;2025-02-10
3482;430;31;2025-01-18
3483;289;72;2025-04-10
3484;391;66;2025-04-04
3485;1979;1;2025-05-14
3486;1442;97;2025-01-07
3487;684;99;2025-06-22
3488;1641;78;2025-03-03
3489;493;42;2025-06-01
3490;961;9;2025-05-07
3491;675;41;2025-05-14
3492;1139;63;2025-01-18
3493;572;93;2025-02-15
3494;903;54;2025-04-10
3495;364;74;2025-02-07
3496;781;98;2025-02-05
3497;1773;92;2025-02-13
3498;400;36;2025-06-19
3499;1357;93;2025-01-11
3500;1706;69;2025-03-23
3501;795;7;2025-04-11
3502;74;57;2025-05-09
3503;75;1;2025-04-06
3504;100;18;2025-05-24
3505;113;41;2025-02-11
3506;601;40;2025-05-06
3507;1726;93;2025-03-31
3508;1629;1;2025-02-27
3509;1397;84;2025-05-07
3510;1461;80;2025-04-22
3511;1727;89;2025-01-29
3512;246;66;2025-02-13
3513;786;65;2025-03-03
3514;1541;20;2025-01-25
3515;874;56;2025-04-01
3516;309;39;2025-04-19
3517;1349;92;2025-02-19
3518;522;84;2025-04-26
3519;710;42;2025-01-19
3520;1008;2;2025-03-11
3521;1642;34;2025-04-22
3522;1335;87;2025-04-24
3523;1951;95;2025-02-05
3524;348;41;2025-01-16
3525;1137;90;2025-04-04
3526;119;20;2025-06-16
3527;1400;22;2025-02-09
3528;1100;3;2025-05-26
3529;1596;64;2025-02-19
3530;1580;11;2025-03-29
3531;292;87;2025-05-30
3532;1772;6;2025-01-07
3533;626;99;2025-02-01
3534;1874;11;2025-06-10
3535;369;26;2025-02-28
3536;337;76;2025-02-26
3537;965;74;2025-02-11
3538;1773;35;2025-04-21
3539;138;87;2025-01-20
3540;825;20;2025-05-03
3541;399;37;2025-02-04
3542;1539;19;2025-03-15
3543;583;73;2025-02-18
3544;1139;28;2025-02-15
3545;331;29;2025-06-29
3546;708;25;2025-06-18
3547;1188;73;2025-04-06
3548;932;49;2025-01-06
3549;1871;75;2025-05-18
3550;356;35;2025-05-12
3551;1371;64;2025-04-27
3552;1956;23;2025-01-26
3553;1209;40;2025-02-11
3554;899;5;2025-06-13
3555;204;36;2025-03-29
3556;790;10;2025-01-11
3557;174;32;2025-07-02
3558;159;98;2025-05-26
3559;439;40;2025-05-21
3560;1325;11;2025-04-21
3561;1252;57;2025-06-14
3562;1583;2;2025-03-16
3563;853;42;2025-05-11
3564;1410;63;2025-03-13
3565;1976;49;2025-05-11
3566;9;57;2025-04-02
3567;1120;19;2025-04-14
3568;1972;22;2025-04-24
3569;1477;43;2025-02-24
3570;1565;66;2025-06-01
3571;623;51;2025-05-07
3572;1074;11;2025-01-30
3573;1737;86;2025-02-23
3574;919;54;2025-04-04
3575;105;61;2025-04-15
3576;14;81;2025-04-23
3577;1901;87;2025-01-31
3578;43;41;2025-03-17
3579;788;70;2025-02-19
3580;1443;72;2025-04-23
3581;955;33;2025-05-15
3582;335;80;2025-02-22
3583;1703;17;2025-06-05
3584;794;29;2025-05-07
3585;269;72;2025-01-16
3586;995;74;2025-05-07
3587;163;34;2025-04-19
3588;1444;57;2025-06-28
3589;1067;32;2025-05-13
3590;1234;31;2025-05-14
3591;869;54;2025-05-27
3592;1870;56;2025-03-19
3593;251;90;2025-06-27
3594;1250;47;2025-06-26
3595;956;62;2025-02-17
3596;984;28;2025-04-19
3597;974;77;2025-01-15
3598;920;21;2025-02-14
3599;1412;26;2025-06-24
3600;1852;1;2025-05-26
3601;1984;73;2025-06-06
3602;1848;63;2025-02-27
3603;426;89;2025-02-03
3604;813;9;2025-03-15
3605;1162;65;2025-04-29
3606;1974;18;2025-03-09
3607;1978;70;2025-06-17
3608;347;72;2025-02-18
3609;1651;100;2025-01-05
3610;1413;90;2025-06-28
3611;526;79;2025-04-28
3612;1369;76;2025-06-15
3613;1559;75;2025-03-15
3614;1384;24;2025-04-25
3615;355;81;2025-06-05
3616;1699;12;2025-06-24
3617;1985;44;2025-03-29
3618;1735;54;2025-03-04
3619;197;68;2025-04-01
3620;634;47;2025-06-05
3621;221;5;2025-04-03
3622;31;55;2025-06-28
3623;387;63;2025-01-09
3624;747;87;2025-07-02
3625;788;90;2025-04-27
3626;1189;5;2025-02-26
3627;1318;5;2025-06-24
3628;1071;69;2025-04-17
3629;1529;6;2025-06-16
3630;110;88;2025-05-24
3631;1884;29;2025-03-07
3632;1627;41;2025-03-10
3633;27;18;2025-03-04
3634;1302;4;2025-05-28
3635;1;11;2025-01-19
3636;1830;83;2025-01-25
3637;1357;6;2025-03-12
3638;1846;80;2025-01-05
3639;366;35;2025-03-26
3640;143;45;2025-04-08
3641;774;66;2025-03-18
3642;482;99;2025-04-15
3643;268;66;2025-04-08
3644;1089;27;2025-02-15
3645;1032;31;2025-05-01
3646;195;88;2025-01-16
3647;1102;81;2025-03-18
3648;1952;54;2025-04-03
3649;712;18;2025-06-07
3650;1749;67;2025-06-15
3651;1726;69;2025-05-12
3652;1960;3;2025-06-28
3653;1134;19;2025-05-19
3654;43;88;2025-03-22
3655;217;12;2025-05-28
3656;1567;27;2025-04-14
3657;1845;94;2025-01-10
3658;1250;15;2025-06-21
3659;629;69;2025-05-08
3660;179;47;2025-06-29
3661;539;27;2025-03-13
3662;1671;100;2025-02-22
3663;908;44;2025-06-14
3664;1848;77;2025-01-27
3665;268;19;2025-06-15
3666;977;80;2025-03-02
3667;1068;75;2025-02-03
3668;806;45;2025-02-28
3669;1885;70;2025-04-22
3670;622;48;2025-06-07
3671;1214;42;2025-01-19
3672;761;36;2025-06-13
3673;1458;16;2025-01-02
3674;1650;93;2025-03-09
3675;1118;40;2025-02-01
3676;1879;42;2025-03-10
3677;743;89;2025-03-16
3678;1359;64;2025-04-05
3679;556;28;2025-05-26
3680;317;23;2025-03-06
3681;660;70;2025-04-19
3682;1311;5;2025-05-23
3683;1114;53;2025-06-23
3684;507;81;2025-01-02
3685;142;51;2025-06-30
3686;1503;79;2025-06-11
3687;1359;38;2025-06-28
3688;1196;51;2025-07-01
3689;1321;67;2025-06-10
3690;182;54;2025-06-09
3691;1732;29;2025-05-13
3692;1000;43;2025-02-26
3693;38;96;2025-05-31
3694;1474;46;2025-06-04
3695;1371;47;2025-06-25
3696;1221;61;2025-06-09
3697;1398;95;2025-03-13
3698;1142;80;2025-04-04
3699;864;43;2025-01-08
3700;262;77;2025-04-10
3701;1836;19;2025-02-08
3702;901;96;2025-06-23
3703;94;27;2025-02-12
3704;511;25;2025-04-22
3705;1739;99;2025-04-10
3706;1927;85;2025-05-19
3707;738;98;2025-04-22
3708;1274;41;2025-04-02
3709;588;87;2025-06-26
3710;73;6;2025-06-23
3711;1527;81;2025-02-26
3712;214;82;2025-04-14
3713;668;25;2025-03-15
3714;392;73;2025-06-15
3715;311;66;2025-01-22
3716;1262;41;2025-05-01
3717;1735;73;2025-01-23
3718;1606;81;2025-03-19
3719;106;6;2025-05-20
3720;1278;18;2025-06-03
3721;1193;32;2025-05-13
3722;1295;69;2025-07-02
3723;1890;24;2025-06-22
3724;1617;82;2025-04-19
3725;397;41;2025-02-05
3726;128;41;2025-06-11
3727;868;61;2025-03-26
3728;1191;79;2025-01-31
3729;1420;57;2025-01-16
3730;1976;17;2025-03-18
3731;712;38;2025-05-10
3732;211;19;2025-06-04
3733;412;2;2025-05-08
3734;421;20;2025-04-29
3735;1600;33;2025-04-11
3736;1931;43;2025-01-10
3737;1477;79;2025-03-11
3738;90;94;2025-06-18
3739;1256;50;2025-01-02
3740;339;100;2025-03-12
3741;1859;6;2025-01-01
3742;32;45;2025-04-19
3743;1912;59;2025-06-03
3744;414;32;2025-03-18
3745;132;74;2025-01-28
3746;1777;21;2025-04-20
3747;1999;13;2025-05-23
3748;5;28;2025-06-14
3749;917;61;2025-06-05
3750;351;4;2025-06-21
3751;1238;24;2025-04-09
3752;1131;60;2025-01-03
3753;113;63;2025-05-06
3754;132;61;2025-04-23
3755;1938;60;2025-03-02
3756;789;28;2025-05-07
3757;380;15;2025-02-09
3758;1320;78;2025-01-10
3759;1498;68;2025-01-07
3760;698;13;2025-01-11
3761;1187;33;2025-04-01
3762;1169;27;2025-01-17
3763;1042;74;2025-04-01
3764;1142;26;2025-06-04
3765;1516;96;2025-06-18
3766;1400;78;2025-06-13
3767;1514;99;2025-02-15
3768;1556;99;2025-02-11
3769;836;25;2025-03-18
3770;1822;32;2025-02-20
3771;1628;62;2025-01-13
3772;1385;27;2025-05-17
3773;1511;12;2025-03-12
3774;1202;59;2025-03-16
3775;898;98;2025-04-29
3776;1333;72;2025-03-18
3777;578;99;2025-05-11
3778;956;14;2025-05-01
3779;1499;6;2025-01-13
3780;1719;21;2025-05-17
3781;630;84;2025-06-20
3782;525;29;2025-01-19
3783;1693;10;2025-06-21
3784;147;17;2025-05-27
3785;116;57;2025-01-22
3786;939;63;2025-06-22
3787;1982;85;2025-01-21
3788;851;44;2025-04-22
3789;912;20;2025-06-17
3790;708;59;2025-03-28
3791;826;53;2025-05-27
3792;299;1;2025-04-25
3793;298;36;2025-01-11
3794;1515;98;2025-04-22
3795;1377;92;2025-06-01
3796;278;75;2025-05-15
3797;1067;47;2025-03-21
3798;1450;4;2025-01-13
3799;1124;92;2025-01-23
3800;1059;81;2025-06-21
3801;790;30;2025-05-01
3802;1011;31;2025-05-14
3803;113;60;2025-02-16
3804;790;21;2025-04-12
3805;1317;39;2025-01-05
3806;1587;1;2025-04-20
3807;1328;48;2025-01-15
3808;802;1;2025-06-30
3809;1454;48;2025-05-12
3810;433;84;2025-01-20
3811;241;56;2025-01-31
3812;48;61;2025-03-15
3813;681;20;2025-04-03
3814;1272;94;2025-01-15
3815;121;64;2025-04-22
3816;880;7;2025-04-05
3817;1582;46;2025-01-22
3818;215;93;2025-01-16
3819;1259;54;2025-05-30
3820;1443;3;2025-05-18
3821;1652;67;2025-02-01
3822;1816;55;2025-04-15
3823;1606;99;2025-03-16
3824;1622;69;2025-02-14
3825;729;5;2025-06-01
3826;1091;31;2025-02-16
3827;774;85;2025-06-09
3828;627;61;2025-04-13
3829;585;40;2025-02-14
3830;1919;28;2025-02-11
3831;448;65;2025-03-29
3832;1283;20;2025-01-08
3833;1128;62;2025-02-21
3834;1548;53;2025-05-15
3835;1017;61;2025-04-22
3836;1933;90;2025-01-21
3837;1081;14;2025-06-05
3838;624;45;2025-03-22
3839;938;77;2025-03-01
3840;1042;96;2025-04-27
3841;1336;85;2025-04-12
3842;552;45;2025-03-06
3843;1505;70;2025-02-09
3844;852;17;2025-06-16
3845;741;75;2025-05-05
3846;1886;40;2025-02-03
3847;979;68;2025-04-08
3848;1815;17;2025-04-29
3849;559;89;2025-02-03
3850;742;74;2025-02-17
3851;931;8;2025-03-07
3852;480;56;2025-05-31
3853;675;17;2025-04-15
3854;1924;100;2025-02-16
3855;680;32;2025-03-10
3856;1774;65;2025-04-29
3857;1125;24;2025-03-23
3858;1076;8;2025-06-30
3859;213;28;2025-04-03
3860;175;84;2025-04-18
3861;405;64;2025-03-18
3862;1481;14;2025-06-15
3863;934;14;2025-04-13
3864;684;78;2025-05-19
3865;599;63;2025-02-27
3866;381;37;2025-01-17
3867;1142;41;2025-05-26
3868;935;83;2025-06-17
3869;1752;7;2025-04-05
3870;691;47;2025-07-01
3871;1370;43;2025-04-04
3872;966;96;2025-03-01
3873;1646;38;2025-04-25
3874;1040;28;2025-01-09
3875;1157;70;2025-06-14
3876;546;15;2025-03-09
3877;984;18;2025-02-03
3878;442;55;2025-02-11
3879;796;74;2025-01-10
3880;1946;39;2025-01-13
3881;636;54;2025-01-04
3882;210;71;2025-02-02
3883;38;50;2025-05-28
3884;220;83;2025-03-30
3885;1831;42;2025-04-19
3886;730;45;2025-06-24
3887;829;57;2025-02-23
3888;165;6;2025-02-25
3889;1424;21;2025-06-06
3890;1053;8;2025-06-08
3891;1523;76;2025-05-25
3892;154;24;2025-01-11
3893;551;41;2025-02-09
3894;1359;72;2025-05-20
3895;683;89;2025-06-02
3896;524;33;2025-05-09
3897;1675;92;2025-05-25
3898;1454;40;2025-02-26
3899;1426;84;2025-02-01
3900;601;48;2025-03-22
3901;1050;40;2025-06-16
3902;28;7;2025-06-08
3903;1075;77;2025-04-24
3904;1131;16;2025-06-02
3905;626;58;2025-03-12
3906;787;58;2025-01-28
3907;1281;18;2025-05-07
3908;33;81;2025-01-30
3909;232;89;2025-01-18
3910;1389;74;2025-04-08
3911;1196;14;2025-04-28
3912;890;78;2025-06-10
3913;232;74;2025-06-09
3914;1769;32;2025-05-10
3915;1944;72;2025-06-13
3916;1656;66;2025-03-03
3917;966;4;2025-06-25
3918;492;50;2025-01-16
3919;618;91;2025-02-24
3920;826;45;2025-03-21
3921;914;16;2025-03-14
3922;946;91;2025-05-08
3923;710;85;2025-05-15
3924;135;79;2025-05-10
3925;566;57;2025-03-04
3926;1078;22;2025-05-06
3927;1469;50;2025-06-17
3928;1518;8;2025-04-09
3929;1679;74;2025-03-27
3930;1356;33;2025-06-05
3931;114;77;2025-06-13
3932;214;82;2025-05-04
3933;353;11;2025-06-02
3934;657;78;2025-06-18
3935;1947;34;2025-04-25
3936;702;38;2025-06-09
3937;400;63;2025-01-16
3938;767;76;2025-04-21
3939;813;28;2025-04-12
3940;1628;64;2025-01-10
3941;1102;82;2025-04-10
3942;610;60;2025-04-17
3943;295;94;2025-02-19
3944;166;44;2025-06-25
3945;162;64;2025-04-28
3946;1816;85;2025-06-21
3947;242;30;2025-01-19
3948;1936;16;2025-05-19
3949;303;77;2025-04-30
3950;1643;66;2025-04-12
3951;215;28;2025-04-04
3952;961;33;2025-02-04
3953;248;63;2025-06-23
3954;1553;56;2025-03-11
3955;1776;14;2025-02-13
3956;1787;40;2025-01-25
3957;1867;32;2025-03-26
3958;146;67;2025-01-21
3959;690;66;2025-02-18
3960;178;31;2025-04-14
3961;688;12;2025-01-15
3962;747;54;2025-06-10
3963;921;92;2025-05-10
3964;295;74;2025-07-03
3965;1253;85;2025-01-27
3966;1208;87;2025-01-10
3967;1698;13;2025-02-17
3968;1640;45;2025-04-02
3969;1444;67;2025-03-31
3970;9;91;2025-04-15
3971;176;8;2025-02-04
3972;1349;36;2025-04-29
3973;318;67;2025-05-28
3974;676;59;2025-01-15
3975;1790;14;2025-04-02
3976;1270;73;2025-05-29
3977;907;90;2025-01-17
3978;1625;84;2025-06-26
3979;923;94;2025-03-10
3980;404;77;2025-02-10
3981;1745;54;2025-02-11
3982;1901;88;2025-05-19
3983;482;48;2025-05-03
3984;1171;39;2025-06-28
3985;1167;92;2025-03-10
3986;1929;2;2025-06-03
3987;1240;90;2025-01-30
3988;510;48;2025-03-30
3989;168;12;2025-01-27
3990;559;9;2025-02-28
3991;1754;63;2025-06-21
3992;1577;28;2025-02-08
3993;1976;22;2025-01-06
3994;1681;67;2025-06-16
3995;745;32;2025-03-06
3996;801;4;2025-04-24
3997;101;22;2025-06-07
3998;1788;29;2025-02-02
3999;603;41;2025-03-11
4000;389;49;2025-02-26
4001;1641;69;2025-02-09
4002;291;99;2025-06-16
4003;999;60;2025-02-23
4004;702;54;2025-03-27
4005;711;55;2025-06-08
4006;552;25;2025-01-16
4007;1595;71;2025-06-05
4008;1176;36;2025-07-03
4009;517;82;2025-01-12
4010;1954;92;2025-05-09
