transaction_id;user_id;app_id;revenue_amount;transaction_date
1;1478;30;32.85;2025-06-21
2;1184;90;18.84;2025-03-04
3;450;41;49.07;2025-03-08
4;1108;49;16.68;2025-03-02
5;1354;1;20.15;2025-03-20
6;76;19;10.2;2025-01-19
7;1922;23;23.35;2025-06-13
8;369;51;10.07;2025-06-09
9;450;39;47.34;2025-06-12
10;112;48;20.68;2025-02-15
11;1295;22;42.59;2025-03-13
12;682;81;38.46;2025-01-13
13;1786;87;22.66;2025-05-18
14;320;70;30.79;2025-05-25
15;651;92;27.33;2025-06-09
16;1460;38;3.28;2025-07-01
17;1549;98;20.7;2025-04-21
18;1885;81;5.85;2025-02-28
19;1084;66;43.61;2025-02-23
20;1886;37;9.69;2025-05-09
21;1710;74;28.97;2025-04-12
22;869;90;11.81;2025-05-14
23;955;35;33.24;2025-05-19
24;1519;17;43.71;2025-01-19
25;907;28;1.33;2025-01-14
26;276;20;33.33;2025-04-14
27;235;48;26.21;2025-02-17
28;1018;12;21.59;2025-06-25
29;1359;18;19.33;2025-03-27
30;1233;18;5.37;2025-01-20
31;1705;98;9.21;2025-04-12
32;447;80;37.62;2025-01-31
33;1118;65;39.48;2025-05-09
34;626;25;3.76;2025-05-29
35;1563;85;13.75;2025-06-07
36;29;77;21.72;2025-04-26
37;483;46;46.48;2025-04-30
38;1141;7;16.36;2025-01-18
39;994;46;41.31;2025-05-14
40;1685;98;30.56;2025-05-31
41;1196;18;27.34;2025-05-17
42;1072;8;44.26;2025-03-18
43;1611;73;39.0;2025-04-18
44;1738;48;12.37;2025-06-03
45;549;20;44.25;2025-05-08
46;828;73;48.53;2025-06-20
47;1197;55;16.35;2025-06-16
48;1349;10;41.67;2025-02-21
49;1164;35;28.33;2025-05-01
50;1139;37;28.14;2025-04-12
51;253;3;26.06;2025-04-10
52;759;42;20.13;2025-04-26
53;1888;45;33.53;2025-02-23
54;1448;44;26.08;2025-03-01
55;532;89;28.91;2025-03-02
56;97;26;37.38;2025-04-22
57;176;100;19.21;2025-01-09
58;756;17;42.56;2025-05-17
59;450;89;40.62;2025-06-17
60;1692;86;19.77;2025-04-09
61;90;83;10.48;2025-02-22
62;1806;23;26.35;2025-01-19
63;1563;8;1.82;2025-06-03
64;507;49;38.46;2025-06-17
65;75;56;28.08;2025-03-06
66;243;53;6.93;2025-04-06
67;674;27;40.9;2025-05-07
68;1923;66;24.16;2025-02-03
69;1229;49;28.17;2025-06-17
70;1290;48;14.29;2025-01-18
71;1679;82;40.09;2025-01-08
72;1364;9;30.79;2025-03-14
73;1658;79;3.06;2025-03-09
74;601;89;44.4;2025-04-14
75;1363;87;10.06;2025-01-18
76;1865;20;49.6;2025-06-22
77;597;78;41.79;2025-01-19
78;866;26;6.01;2025-04-05
79;24;81;5.21;2025-02-01
80;379;84;2.3;2025-07-04
81;1929;89;38.68;2025-03-22
82;1300;41;20.97;2025-01-21
83;1495;31;43.38;2025-01-30
84;1743;77;35.34;2025-03-17
85;11;15;39.42;2025-02-24
86;964;25;10.77;2025-04-06
87;287;36;10.17;2025-04-23
88;1487;42;28.26;2025-02-09
89;1903;66;32.32;2025-04-23
90;575;13;11.97;2025-04-18
91;1817;63;33.94;2025-02-09
92;531;69;26.64;2025-03-04
93;238;98;37.61;2025-06-23
94;712;85;29.13;2025-04-09
95;1564;15;16.75;2025-02-07
96;1116;100;31.81;2025-01-29
97;1835;28;4.8;2025-06-09
98;372;47;23.64;2025-02-12
99;1091;82;5.81;2025-03-02
100;179;68;15.17;2025-04-07
101;491;51;13.47;2025-02-14
102;745;25;45.93;2025-01-30
103;1563;79;36.15;2025-06-21
104;867;46;39.39;2025-03-12
105;881;30;17.19;2025-05-28
106;1642;61;37.88;2025-04-24
107;228;73;17.92;2025-06-07
108;1889;38;45.98;2025-03-08
109;343;69;33.51;2025-05-14
110;1947;9;10.3;2025-04-03
111;1841;26;49.38;2025-05-25
112;99;35;42.11;2025-01-25
113;758;13;39.89;2025-01-21
114;566;45;24.18;2025-06-08
115;135;48;30.72;2025-01-31
116;805;30;39.11;2025-02-27
117;1504;24;44.82;2025-05-12
118;1514;31;42.13;2025-07-01
119;391;57;39.56;2025-06-01
120;1363;3;14.92;2025-02-17
121;1911;52;19.67;2025-03-07
122;200;89;9.39;2025-05-29
123;140;31;9.81;2025-04-13
124;1452;95;43.57;2025-06-23
125;410;52;13.31;2025-03-11
126;1289;73;10.52;2025-02-26
127;1695;2;47.01;2025-05-12
128;462;8;1.97;2025-04-23
129;1401;17;2.4;2025-05-27
130;644;65;37.96;2025-06-10
131;1566;25;7.14;2025-02-06
132;950;12;46.26;2025-05-31
133;466;39;12.54;2025-02-09
134;1169;1;49.83;2025-06-28
135;1866;91;11.01;2025-03-31
136;1428;59;7.57;2025-03-04
137;1330;93;22.58;2025-04-14
138;1042;4;33.31;2025-03-20
139;566;46;44.47;2025-06-14
140;507;35;38.26;2025-02-02
141;549;21;30.44;2025-03-02
142;157;56;9.76;2025-05-18
143;659;54;10.1;2025-06-09
144;483;62;43.07;2025-05-06
145;80;3;9.42;2025-05-08
146;620;39;20.27;2025-02-02
147;247;14;48.07;2025-04-23
148;1711;89;26.97;2025-03-14
149;735;24;21.86;2025-02-13
150;692;67;35.04;2025-06-24
151;498;32;45.02;2025-04-11
152;330;60;15.14;2025-02-09
153;1406;55;26.94;2025-01-09
154;1261;97;31.42;2025-05-24
155;591;18;40.02;2025-05-22
156;1700;8;24.97;2025-05-05
157;1859;76;37.4;2025-04-14
158;666;2;23.45;2025-03-10
159;1769;16;40.08;2025-02-13
160;1025;31;37.85;2025-06-07
161;1218;61;20.92;2025-02-06
162;360;39;16.75;2025-04-11
163;1131;50;31.19;2025-01-27
164;441;61;36.01;2025-05-10
165;1475;52;10.69;2025-06-17
166;399;93;12.33;2025-06-19
167;1379;47;38.82;2025-01-28
168;1960;15;31.96;2025-05-07
169;1489;85;41.47;2025-03-26
170;66;7;24.43;2025-03-31
171;1176;8;35.9;2025-06-09
172;1582;89;32.21;2025-01-11
173;348;86;38.44;2025-02-01
174;699;67;32.28;2025-05-26
175;1284;82;24.03;2025-04-22
176;461;91;22.38;2025-01-31
177;1494;9;3.48;2025-03-12
178;1192;23;10.46;2025-05-13
179;1140;71;45.1;2025-05-31
180;819;38;39.74;2025-04-16
181;953;19;10.0;2025-06-01
182;1147;27;34.35;2025-05-30
183;125;44;7.98;2025-01-18
184;387;60;1.68;2025-05-12
185;1787;10;30.16;2025-06-07
186;734;55;49.67;2025-05-07
187;10;21;9.94;2025-06-23
188;1728;17;30.1;2025-06-07
189;843;28;6.47;2025-05-05
190;648;98;42.69;2025-06-11
191;1908;53;44.42;2025-02-27
192;653;1;34.06;2025-01-16
193;620;42;38.02;2025-02-28
194;1377;75;3.37;2025-07-03
195;1978;81;7.28;2025-06-15
196;975;13;29.37;2025-05-13
197;1381;74;9.42;2025-01-06
198;1395;71;23.17;2025-06-26
199;538;75;24.93;2025-05-02
200;787;25;20.34;2025-06-14
201;1919;14;43.77;2025-05-01
202;311;40;14.64;2025-05-21
203;1546;35;4.25;2025-04-07
204;49;96;34.62;2025-05-25
205;26;71;19.09;2025-02-21
206;1763;61;37.65;2025-02-25
207;938;99;36.76;2025-06-12
208;1263;44;23.54;2025-01-01
209;763;69;17.1;2025-04-03
210;1804;4;14.04;2025-05-12
211;1428;71;2.47;2025-04-15
212;1059;24;11.16;2025-02-15
213;337;29;21.56;2025-02-08
214;49;85;6.72;2025-05-11
215;82;30;20.78;2025-02-27
216;1260;4;3.51;2025-04-17
217;1818;90;19.04;2025-04-11
218;1169;54;12.63;2025-05-23
219;1955;64;24.51;2025-01-27
220;660;56;7.09;2025-05-11
221;1461;94;39.88;2025-04-14
222;1559;20;35.79;2025-02-22
223;1084;67;2.76;2025-06-25
224;1725;22;12.01;2025-02-03
225;770;3;29.34;2025-04-07
226;1787;86;23.72;2025-01-24
227;888;46;1.62;2025-01-12
228;856;88;29.54;2025-04-24
229;1895;7;2.64;2025-02-03
230;1328;94;16.76;2025-01-21
231;67;15;40.79;2025-03-19
232;383;66;31.88;2025-05-05
233;1088;74;3.52;2025-05-21
234;233;9;18.27;2025-04-01
235;1710;81;41.66;2025-05-29
236;1362;25;38.35;2025-06-19
237;1570;90;9.35;2025-06-07
238;9;58;13.56;2025-05-09
239;380;99;12.09;2025-07-05
240;1700;54;22.11;2025-04-22
241;126;77;9.84;2025-05-03
242;1512;52;37.62;2025-03-01
243;242;63;23.55;2025-04-07
244;174;33;40.18;2025-02-28
245;1433;86;7.35;2025-03-18
246;1353;26;41.95;2025-03-04
247;1242;23;5.96;2025-01-12
248;402;68;38.69;2025-03-23
249;493;54;23.8;2025-05-18
250;1696;83;47.73;2025-01-17
251;1952;48;49.41;2025-04-29
252;1039;98;8.75;2025-05-03
253;1634;67;22.33;2025-05-13
254;1611;42;11.22;2025-06-11
255;1773;3;21.94;2025-03-08
256;1410;71;13.26;2025-01-15
257;490;41;41.09;2025-03-03
258;1927;37;40.0;2025-04-08
259;878;61;40.02;2025-01-17
260;755;40;21.19;2025-06-03
261;826;28;5.2;2025-07-05
262;1174;94;9.1;2025-06-12
263;608;21;15.9;2025-06-18
264;828;28;22.22;2025-05-29
265;1535;75;6.13;2025-03-27
266;834;19;35.8;2025-02-27
267;1741;55;39.36;2025-03-13
268;601;19;19.35;2025-01-23
269;907;100;11.96;2025-03-20
270;1376;56;29.14;2025-06-06
271;209;17;36.88;2025-06-08
272;109;63;49.47;2025-04-26
273;1064;82;4.04;2025-02-15
274;1243;2;34.56;2025-03-04
275;1844;91;26.4;2025-05-13
276;1251;71;44.66;2025-05-13
277;1949;35;28.78;2025-06-29
278;1775;63;38.37;2025-05-23
279;1003;40;28.28;2025-03-14
280;1959;80;26.58;2025-05-30
281;1287;43;17.27;2025-02-03
282;1707;30;20.18;2025-06-01
283;484;15;15.64;2025-01-12
284;667;64;9.04;2025-05-03
285;1079;26;23.23;2025-04-05
286;824;73;2.57;2025-02-08
287;1658;44;18.63;2025-04-22
288;120;80;28.8;2025-06-02
289;206;60;28.22;2025-03-24
290;410;66;6.15;2025-02-10
291;1800;47;4.44;2025-06-15
292;934;95;16.34;2025-02-19
293;439;51;15.75;2025-02-17
294;1975;1;32.93;2025-05-30
295;1559;19;9.41;2025-05-10
296;1243;38;10.01;2025-05-20
297;1032;22;16.79;2025-05-27
298;1399;23;2.24;2025-06-13
299;55;17;44.5;2025-05-28
300;1889;30;24.45;2025-04-24
301;1904;53;11.75;2025-06-11
302;1251;86;13.38;2025-01-11
303;532;98;1.3;2025-01-18
304;1621;8;21.67;2025-06-09
305;1843;45;32.34;2025-06-17
306;545;94;32.74;2025-04-16
307;1706;86;25.24;2025-05-23
308;1605;24;33.65;2025-06-19
309;1539;86;19.18;2025-05-16
310;1933;38;42.07;2025-02-27
311;380;7;23.11;2025-02-15
312;8;75;24.5;2025-03-14
313;664;98;3.18;2025-04-14
314;1557;22;18.85;2025-04-24
315;480;72;3.34;2025-04-21
316;997;89;9.58;2025-03-19
317;153;23;23.53;2025-01-18
318;1662;41;1.59;2025-04-09
319;1031;61;6.35;2025-05-30
320;11;80;40.69;2025-01-30
321;1937;50;47.91;2025-02-19
322;466;29;1.76;2025-01-19
323;409;95;8.6;2025-01-14
324;1138;59;13.01;2025-03-02
325;270;20;45.82;2025-03-09
326;422;30;34.85;2025-02-18
327;1469;33;42.55;2025-04-06
328;7;24;6.59;2025-04-04
329;148;97;37.46;2025-03-24
330;94;57;35.73;2025-04-12
331;685;45;25.35;2025-05-24
332;1618;41;9.55;2025-05-01
333;1812;66;49.88;2025-05-05
334;1166;61;40.81;2025-07-01
335;271;70;27.56;2025-07-01
336;1475;15;42.38;2025-05-01
337;1447;55;41.48;2025-06-26
338;1673;80;35.71;2025-03-21
339;1161;65;4.84;2025-02-28
340;1667;1;25.2;2025-05-22
341;1563;91;30.51;2025-05-21
342;867;19;10.08;2025-01-30
343;1244;75;45.8;2025-02-07
344;1682;59;24.46;2025-04-01
345;433;38;44.77;2025-06-22
346;1151;75;9.38;2025-02-10
347;818;39;5.25;2025-05-31
348;178;40;40.97;2025-03-15
349;798;48;34.66;2025-05-03
350;1274;46;14.24;2025-06-19
351;686;77;34.81;2025-03-06
352;1824;37;42.67;2025-04-26
353;331;65;31.37;2025-02-17
354;806;25;33.19;2025-03-14
355;1622;50;23.26;2025-06-08
356;1797;41;18.08;2025-03-12
357;981;61;21.04;2025-03-21
358;887;70;45.71;2025-04-14
359;1759;41;37.09;2025-04-06
360;448;72;36.5;2025-03-11
361;1446;41;39.56;2025-05-26
362;280;60;32.93;2025-02-11
363;570;98;29.23;2025-02-27
364;1316;15;47.32;2025-03-27
365;44;67;33.39;2025-03-22
366;90;46;12.78;2025-06-01
367;1095;49;5.2;2025-07-03
368;1103;84;11.03;2025-04-25
369;364;58;24.14;2025-05-16
370;965;19;3.12;2025-04-30
371;689;37;46.56;2025-06-11
372;1451;98;38.79;2025-04-18
373;206;10;39.41;2025-03-10
374;788;30;37.69;2025-06-07
375;1782;71;23.42;2025-06-02
376;1266;92;36.35;2025-03-19
377;780;44;10.45;2025-06-03
378;1197;92;20.26;2025-02-17
379;1460;69;45.33;2025-01-29
380;374;58;41.31;2025-01-15
381;1200;41;15.06;2025-06-30
382;76;53;9.57;2025-01-17
383;1260;78;18.21;2025-06-02
384;385;61;25.22;2025-04-27
385;24;77;7.58;2025-06-09
386;865;66;49.08;2025-05-15
387;41;39;28.83;2025-07-01
388;380;55;49.77;2025-01-09
389;543;38;48.69;2025-02-18
390;54;41;39.99;2025-03-01
391;739;97;13.91;2025-01-31
392;50;55;41.58;2025-03-17
393;1191;78;43.94;2025-02-16
394;863;51;35.38;2025-03-03
395;1860;68;43.9;2025-05-09
396;1077;4;27.26;2025-03-26
397;935;47;49.32;2025-01-08
398;1157;36;26.27;2025-05-31
399;1524;77;12.13;2025-05-02
400;285;5;18.55;2025-02-24
401;569;35;16.45;2025-04-19
402;1026;15;35.23;2025-05-12
403;1810;62;4.61;2025-01-21
404;1506;68;48.64;2025-01-22
405;782;46;49.1;2025-03-25
406;1128;76;48.68;2025-05-18
407;1462;97;42.39;2025-04-12
408;422;13;28.38;2025-04-02
409;1132;9;31.57;2025-02-01
410;1999;48;12.7;2025-02-08
411;373;10;15.64;2025-05-24
412;1901;21;25.44;2025-02-28
413;1103;81;13.83;2025-06-04
414;39;66;38.4;2025-03-19
415;878;67;16.1;2025-02-05
416;1244;100;6.48;2025-04-17
417;410;60;15.52;2025-04-23
418;1344;3;4.13;2025-04-18
419;1243;20;33.09;2025-05-09
420;219;58;49.61;2025-02-19
421;1628;28;40.11;2025-01-10
422;888;66;14.21;2025-05-28
423;1519;59;32.02;2025-03-27
424;618;90;2.4;2025-04-26
425;348;70;19.26;2025-05-24
426;1966;7;8.3;2025-06-03
427;316;52;23.68;2025-06-20
428;1981;68;34.92;2025-04-16
429;135;37;18.51;2025-04-14
430;417;56;18.81;2025-04-01
431;263;30;11.78;2025-03-14
432;1192;38;12.41;2025-03-20
433;1208;64;13.0;2025-04-22
434;594;36;21.96;2025-03-17
435;743;55;7.03;2025-03-02
436;329;87;49.83;2025-05-06
437;356;28;38.97;2025-03-16
438;375;27;27.1;2025-02-16
439;1520;92;26.35;2025-02-20
440;1727;42;19.3;2025-04-19
441;42;17;29.93;2025-03-06
442;1316;26;14.13;2025-01-27
443;1305;40;23.11;2025-05-29
444;1423;11;9.72;2025-01-21
445;1471;88;29.42;2025-05-21
446;231;40;44.25;2025-04-12
447;552;59;10.84;2025-03-25
448;1730;30;25.67;2025-01-14
449;388;81;45.3;2025-04-10
450;508;78;38.98;2025-03-28
451;522;61;37.72;2025-02-20
452;1355;65;29.61;2025-01-10
453;272;94;28.33;2025-06-02
454;747;35;48.1;2025-06-14
455;635;42;18.8;2025-03-22
456;1456;34;10.22;2025-03-26
457;368;10;43.72;2025-02-12
458;1480;17;11.14;2025-06-03
459;1774;60;25.4;2025-02-28
460;3;26;1.5;2025-04-07
461;1234;19;13.6;2025-04-14
462;97;45;29.53;2025-05-08
463;1828;32;10.84;2025-03-26
464;1860;81;11.92;2025-01-19
465;800;37;21.32;2025-06-10
466;23;65;43.79;2025-06-01
467;474;60;5.24;2025-05-29
468;1210;13;30.21;2025-01-16
469;211;96;24.01;2025-02-10
470;1487;92;24.05;2025-04-25
471;891;73;14.88;2025-04-17
472;1763;89;29.62;2025-03-20
473;414;3;36.56;2025-02-28
474;1203;42;21.65;2025-06-26
475;1519;88;5.71;2025-02-11
476;1863;45;38.02;2025-06-06
477;158;10;38.58;2025-07-01
478;1827;34;16.17;2025-03-25
479;1722;18;19.82;2025-03-31
480;346;94;27.4;2025-03-09
481;1067;83;45.43;2025-06-12
482;1570;70;5.06;2025-02-15
483;1901;35;47.01;2025-02-28
484;1375;52;5.87;2025-03-18
485;757;97;8.72;2025-06-07
486;163;12;15.17;2025-03-08
487;794;56;30.06;2025-06-05
488;1874;43;38.7;2025-04-23
489;750;61;34.02;2025-07-04
490;1043;90;11.82;2025-05-29
491;359;73;47.67;2025-01-31
492;1432;36;5.0;2025-07-04
493;590;59;21.14;2025-02-07
494;1163;74;43.23;2025-04-06
495;1345;13;2.91;2025-03-08
496;345;5;49.27;2025-01-28
497;655;81;48.54;2025-05-30
498;264;74;18.27;2025-02-08
499;1095;3;25.15;2025-02-25
500;458;40;35.99;2025-01-27
501;357;19;19.63;2025-02-18
502;1854;36;12.14;2025-03-14
503;511;74;22.55;2025-06-03
504;1313;19;45.19;2025-06-19
505;1574;39;40.71;2025-04-30
506;164;89;17.05;2025-02-19
507;561;6;35.64;2025-01-27
508;309;89;40.93;2025-05-28
509;1532;50;26.0;2025-06-10
510;1375;83;21.34;2025-05-13
511;280;16;28.47;2025-07-02
512;1762;47;31.73;2025-02-22
513;1135;25;27.16;2025-01-11
514;714;32;44.82;2025-01-16
515;965;81;12.01;2025-02-11
516;468;86;8.01;2025-01-30
517;1501;11;16.78;2025-05-26
518;1607;64;19.34;2025-06-05
519;1235;99;10.43;2025-05-28
520;1306;28;22.55;2025-06-28
521;285;12;44.24;2025-01-10
522;619;69;37.3;2025-04-21
523;249;2;12.82;2025-06-04
524;766;100;42.86;2025-03-04
525;584;82;37.2;2025-04-12
526;1716;1;22.5;2025-04-28
527;1869;66;49.21;2025-01-23
528;294;67;1.95;2025-04-25
529;1808;97;22.84;2025-02-24
530;670;19;10.57;2025-05-20
531;293;98;24.03;2025-04-22
532;1866;87;47.83;2025-05-10
533;1498;52;37.65;2025-06-29
534;176;45;4.27;2025-04-16
535;222;67;5.93;2025-03-22
536;707;95;12.06;2025-06-30
537;1798;72;44.6;2025-03-02
538;1908;92;30.51;2025-04-10
539;899;43;45.24;2025-06-05
540;1669;45;27.98;2025-01-04
541;760;62;17.08;2025-04-24
542;47;60;21.39;2025-01-25
543;1931;15;6.11;2025-06-30
544;264;96;47.94;2025-01-04
545;1892;72;36.27;2025-07-03
546;452;44;4.41;2025-04-22
547;870;76;7.28;2025-03-08
548;918;60;22.16;2025-05-12
549;1782;22;37.8;2025-06-18
550;1827;45;32.1;2025-06-07
551;1712;74;23.8;2025-05-13
552;1925;84;28.73;2025-03-04
553;359;94;4.76;2025-03-12
554;1162;67;8.4;2025-07-04
555;1538;15;47.94;2025-06-11
556;1016;97;14.72;2025-05-19
557;1698;51;47.43;2025-03-29
558;1884;17;44.09;2025-05-18
559;1961;1;38.64;2025-03-21
560;1199;20;9.98;2025-05-08
561;1400;79;35.61;2025-02-02
562;438;88;7.52;2025-05-15
563;1256;45;33.27;2025-02-26
564;1241;5;43.95;2025-02-08
565;851;48;42.86;2025-04-24
566;1236;61;21.21;2025-04-17
567;1181;98;3.14;2025-02-07
568;676;44;45.84;2025-02-27
569;193;62;37.65;2025-05-23
570;335;44;8.93;2025-04-06
571;1866;51;31.65;2025-03-30
572;548;87;34.38;2025-05-31
573;1651;80;29.91;2025-06-26
574;1809;24;20.39;2025-03-26
575;115;55;19.95;2025-05-19
576;843;82;28.41;2025-05-16
577;1815;62;35.94;2025-03-20
578;957;75;39.32;2025-01-23
579;816;32;44.23;2025-05-18
580;33;10;7.02;2025-02-07
581;756;72;40.33;2025-04-04
582;985;94;28.11;2025-04-06
583;169;22;40.54;2025-06-26
584;1507;29;6.51;2025-02-21
585;389;30;30.77;2025-03-24
586;608;69;43.33;2025-04-30
587;1263;95;43.21;2025-04-05
588;1360;77;36.24;2025-03-28
589;1816;30;47.86;2025-02-06
590;1838;80;22.62;2025-06-28
591;1268;62;18.22;2025-04-23
592;626;49;30.31;2025-02-17
593;747;73;1.27;2025-02-18
594;914;16;15.02;2025-06-13
595;841;8;48.22;2025-03-07
596;1495;96;29.6;2025-06-26
597;473;45;17.91;2025-02-02
598;119;50;19.9;2025-05-26
599;822;71;34.57;2025-03-26
600;1145;40;48.24;2025-02-02
601;1968;43;25.35;2025-03-06
602;357;49;37.76;2025-04-24
603;752;20;18.21;2025-05-15
604;519;100;11.16;2025-03-07
605;657;33;45.27;2025-03-06
606;363;75;1.53;2025-06-03
607;190;85;34.53;2025-04-16
608;607;36;27.54;2025-03-28
609;1040;97;26.37;2025-06-28
610;1614;3;30.13;2025-02-26
611;346;90;42.42;2025-03-08
612;1403;6;5.24;2025-02-12
613;518;88;18.54;2025-02-18
614;315;25;11.74;2025-02-11
615;196;97;2.59;2025-01-13
616;245;70;34.07;2025-02-13
617;579;24;7.96;2025-02-16
618;1194;26;41.3;2025-02-17
619;1432;57;21.23;2025-05-09
620;1171;19;3.12;2025-01-05
621;299;79;9.41;2025-05-14
622;1177;67;20.88;2025-06-05
623;197;8;33.02;2025-05-10
624;1370;92;14.01;2025-05-02
625;1293;71;34.71;2025-03-03
626;756;19;43.9;2025-05-25
627;1741;41;39.32;2025-03-01
628;1638;54;37.21;2025-04-19
629;538;70;28.82;2025-04-11
630;1487;94;46.02;2025-01-10
631;1211;33;7.94;2025-05-18
632;985;94;4.15;2025-06-01
633;1360;99;11.39;2025-04-23
634;1564;8;41.96;2025-07-02
635;1537;89;23.27;2025-04-18
636;1679;12;5.22;2025-05-21
637;1614;49;20.34;2025-06-11
638;1990;60;10.7;2025-06-01
639;1864;55;25.83;2025-07-04
640;1042;91;42.13;2025-01-21
641;920;11;26.07;2025-05-23
642;605;36;4.56;2025-05-23
643;1468;24;40.6;2025-05-08
644;926;22;4.28;2025-02-09
645;6;8;37.64;2025-06-22
646;912;35;24.99;2025-05-18
647;1574;9;34.89;2025-06-21
648;1244;98;41.79;2025-01-30
649;1184;38;9.97;2025-06-02
650;800;49;24.69;2025-02-04
651;926;79;17.57;2025-06-03
652;923;61;30.86;2025-03-03
653;1723;59;44.53;2025-01-19
654;683;44;27.41;2025-02-18
655;287;30;2.23;2025-03-09
656;498;73;38.76;2025-03-28
657;998;15;30.89;2025-06-13
658;1531;80;3.22;2025-01-27
659;1773;27;6.61;2025-01-24
660;68;21;6.69;2025-01-09
661;583;37;5.81;2025-04-03
662;1595;65;28.33;2025-04-28
663;559;4;48.11;2025-06-14
664;1135;24;4.06;2025-06-04
665;1983;25;12.47;2025-06-21
666;1493;53;31.3;2025-03-19
667;1614;61;36.7;2025-05-04
668;1979;69;19.77;2025-01-10
669;1078;58;45.02;2025-02-21
670;1359;34;28.54;2025-02-20
671;1443;44;22.49;2025-05-04
672;1630;71;47.47;2025-04-29
673;1749;26;4.83;2025-04-05
674;1234;28;17.6;2025-04-04
675;657;71;5.76;2025-01-25
676;668;68;13.22;2025-04-30
677;1837;24;48.91;2025-07-02
678;1832;81;21.5;2025-06-19
679;1685;43;4.74;2025-06-28
680;1077;7;41.65;2025-01-20
681;386;29;28.64;2025-06-01
682;189;71;38.35;2025-02-02
683;754;98;6.78;2025-01-11
684;1764;43;38.18;2025-03-11
685;562;56;42.33;2025-05-27
686;395;85;10.05;2025-03-07
687;1090;13;32.57;2025-01-13
688;1440;60;34.37;2025-01-19
689;149;58;21.74;2025-05-23
690;553;93;37.0;2025-04-01
691;627;97;1.2;2025-06-02
692;1613;18;8.52;2025-02-24
693;156;7;3.37;2025-04-18
694;124;69;14.15;2025-04-30
695;1499;43;48.47;2025-05-09
696;1382;26;11.43;2025-05-02
697;178;84;43.36;2025-01-12
698;1183;67;29.15;2025-01-08
699;120;18;6.96;2025-02-08
700;1950;26;42.97;2025-04-03
701;1326;9;31.09;2025-03-16
702;1917;30;9.85;2025-03-01
703;1945;4;4.73;2025-05-31
704;1597;5;28.89;2025-06-26
705;781;86;4.34;2025-02-15
706;15;93;37.46;2025-05-26
707;1376;83;43.18;2025-03-01
708;1628;62;42.04;2025-02-27
709;1064;92;18.79;2025-04-17
710;48;14;36.83;2025-02-27
711;1016;97;34.62;2025-04-20
712;1351;57;6.46;2025-04-12
713;1133;75;13.11;2025-04-27
714;89;68;40.07;2025-04-17
715;66;77;48.42;2025-05-16
716;904;19;40.2;2025-05-01
717;167;89;27.1;2025-02-22
718;643;43;3.61;2025-06-07
719;1570;1;41.88;2025-02-18
720;1201;7;40.21;2025-05-09
721;519;32;44.57;2025-04-19
722;294;18;4.86;2025-06-21
723;324;4;40.2;2025-04-09
724;677;94;21.1;2025-01-26
725;307;51;47.61;2025-02-04
726;1897;92;1.92;2025-05-19
727;1549;58;19.02;2025-02-01
728;32;32;48.19;2025-06-30
729;606;14;34.19;2025-02-06
730;1777;68;36.42;2025-02-27
731;1321;94;5.81;2025-02-05
732;1742;25;32.35;2025-03-22
733;231;75;45.08;2025-06-23
734;1024;38;42.91;2025-02-23
735;1888;18;32.54;2025-02-27
736;236;47;2.93;2025-01-14
737;1077;76;27.21;2025-03-22
738;474;79;48.36;2025-05-03
739;1043;76;8.02;2025-06-02
740;957;27;34.41;2025-02-07
741;1268;85;43.52;2025-05-31
742;387;18;20.39;2025-06-08
743;248;17;18.72;2025-04-21
744;1603;67;19.49;2025-06-02
745;1061;70;46.05;2025-06-08
746;1509;26;8.44;2025-03-08
747;1554;50;38.57;2025-06-14
748;1985;30;29.64;2025-01-06
749;1698;66;23.65;2025-03-08
750;1283;69;49.23;2025-04-28
751;1275;70;18.79;2025-04-13
752;1248;58;13.8;2025-02-28
753;1919;25;47.95;2025-02-06
754;794;45;33.94;2025-06-28
755;1606;20;2.33;2025-06-08
756;1590;85;6.34;2025-03-24
757;917;67;33.15;2025-03-20
758;1261;50;39.12;2025-01-10
759;1705;12;45.84;2025-05-29
760;729;59;40.43;2025-04-02
761;1642;100;16.96;2025-02-05
762;1369;59;28.46;2025-01-10
763;1224;60;47.31;2025-01-30
764;1364;16;27.33;2025-05-23
765;1228;56;33.15;2025-04-21
766;1441;49;46.93;2025-03-10
767;1569;21;22.59;2025-04-14
768;1055;67;38.63;2025-05-07
769;818;41;2.92;2025-05-03
770;523;27;12.35;2025-04-09
771;1704;49;2.68;2025-04-05
772;877;84;42.69;2025-01-08
773;695;35;49.99;2025-05-02
774;303;83;8.08;2025-02-19
775;454;33;9.84;2025-03-17
776;706;60;35.57;2025-05-04
777;1478;85;20.45;2025-04-12
778;1353;37;18.0;2025-05-08
779;1652;70;34.88;2025-05-21
780;646;55;38.73;2025-01-09
781;1610;88;35.09;2025-01-06
782;233;77;4.44;2025-02-15
783;431;36;49.05;2025-03-23
784;1453;93;43.91;2025-04-16
785;1360;55;5.2;2025-06-01
786;505;25;14.22;2025-03-03
787;905;70;30.83;2025-04-06
788;1499;99;18.19;2025-03-16
789;1255;67;49.97;2025-06-24
790;845;56;9.62;2025-02-10
791;1630;81;41.0;2025-02-02
792;1526;79;37.47;2025-06-06
793;380;92;3.94;2025-05-27
794;392;12;18.44;2025-03-09
795;1254;53;42.51;2025-02-23
796;1575;3;41.71;2025-03-07
797;180;1;7.25;2025-06-11
798;1379;3;1.54;2025-01-07
799;1044;45;22.06;2025-03-10
800;1388;57;40.0;2025-01-17
801;461;54;31.35;2025-03-17
802;1795;5;12.01;2025-03-30
803;1013;68;43.22;2025-02-06
804;1069;86;46.0;2025-03-09
805;1218;24;33.98;2025-05-08
806;253;7;19.81;2025-04-02
807;1713;88;8.23;2025-06-17
808;282;59;32.62;2025-04-11
809;800;3;39.44;2025-06-02
810;100;20;9.94;2025-01-07
811;1609;88;45.98;2025-04-04
812;1236;64;31.99;2025-01-14
813;1767;56;7.55;2025-05-06
814;1598;33;14.54;2025-05-11
815;987;51;34.84;2025-02-22
816;1866;4;4.49;2025-06-16
817;921;77;8.21;2025-01-27
818;1520;54;34.76;2025-05-20
819;880;55;33.41;2025-01-31
820;1239;48;34.29;2025-06-02
821;1139;21;37.95;2025-06-28
822;444;40;25.25;2025-05-07
823;571;96;36.32;2025-02-28
824;30;31;32.23;2025-04-26
825;1551;62;47.09;2025-03-03
826;1952;56;23.83;2025-04-03
827;1682;4;48.93;2025-06-14
828;1827;73;12.1;2025-05-07
829;1514;89;13.18;2025-03-09
830;131;20;1.38;2025-01-28
831;1405;14;19.66;2025-04-08
832;1427;26;28.35;2025-05-28
833;1090;52;45.0;2025-04-02
834;395;93;26.53;2025-06-11
835;417;77;10.08;2025-05-30
836;1588;14;9.78;2025-02-05
837;1342;8;10.74;2025-01-26
838;1875;75;47.19;2025-02-04
839;155;63;41.43;2025-01-14
840;855;35;47.39;2025-02-16
841;126;23;30.76;2025-03-20
842;657;39;1.21;2025-05-28
843;1826;11;38.32;2025-05-31
844;1244;52;38.34;2025-02-21
845;1926;92;43.73;2025-02-20
846;431;10;14.43;2025-05-29
847;1843;44;32.5;2025-06-22
848;57;66;7.34;2025-03-17
849;179;88;37.52;2025-06-01
850;884;10;41.89;2025-06-29
851;773;95;27.22;2025-05-26
852;1969;97;13.71;2025-07-02
853;346;91;2.86;2025-05-24
854;1653;14;31.01;2025-01-29
855;314;56;17.38;2025-06-01
856;181;16;37.24;2025-02-02
857;905;63;3.33;2025-05-01
858;721;15;22.3;2025-05-29
859;1183;30;26.05;2025-02-06
860;865;74;26.55;2025-03-28
861;154;49;37.6;2025-05-02
862;626;54;22.67;2025-05-12
863;441;13;28.39;2025-07-05
864;601;95;49.47;2025-03-30
865;1567;60;39.12;2025-02-05
866;738;74;43.39;2025-01-02
867;1096;70;28.01;2025-02-18
868;872;43;12.9;2025-06-06
869;1834;5;32.92;2025-07-02
870;938;57;14.83;2025-06-17
871;1016;53;24.74;2025-04-26
872;1670;7;31.7;2025-03-22
873;1925;26;16.67;2025-05-06
874;1176;30;40.37;2025-04-12
875;1517;92;6.93;2025-05-14
876;1270;30;15.1;2025-05-04
877;1844;47;25.27;2025-06-13
878;1766;20;32.94;2025-03-09
879;238;69;16.97;2025-05-17
880;7;28;34.16;2025-06-27
881;193;84;16.39;2025-05-15
882;1561;25;7.54;2025-05-05
883;151;97;41.52;2025-02-17
884;101;35;14.06;2025-06-24
885;248;40;35.56;2025-06-02
886;1479;40;26.7;2025-05-25
887;1743;82;40.64;2025-07-01
888;648;3;27.91;2025-05-10
889;1073;62;21.13;2025-02-14
890;1747;89;14.29;2025-01-12
891;447;69;49.5;2025-05-01
892;403;54;35.94;2025-03-09
893;1725;68;35.33;2025-05-10
894;147;71;42.09;2025-02-08
895;1830;47;30.04;2025-03-03
896;1113;9;49.04;2025-01-25
897;1354;60;41.19;2025-05-20
898;16;54;21.27;2025-02-15
899;962;32;39.19;2025-02-26
900;1335;14;25.06;2025-05-07
901;457;61;28.5;2025-05-12
902;1404;77;13.06;2025-03-08
903;1839;6;23.46;2025-03-05
904;359;54;40.5;2025-01-09
905;1745;10;33.37;2025-03-24
906;1415;74;13.78;2025-05-29
907;1144;57;31.44;2025-05-26
908;1059;31;24.68;2025-03-02
909;1180;95;28.88;2025-04-30
910;1762;81;49.8;2025-05-29
911;1704;53;18.61;2025-05-23
912;1074;48;5.59;2025-02-21
913;1846;3;7.04;2025-05-31
914;247;4;43.45;2025-03-29
915;1844;15;33.26;2025-04-21
916;1911;18;19.56;2025-04-27
917;1344;77;24.75;2025-03-26
918;1527;65;25.95;2025-01-23
919;1953;23;19.72;2025-04-30
920;458;54;4.58;2025-04-29
921;1364;68;46.68;2025-05-11
922;384;57;32.44;2025-06-24
923;757;60;1.99;2025-07-02
924;1087;70;35.68;2025-06-01
925;924;17;23.11;2025-04-27
926;1322;97;27.79;2025-02-13
927;835;94;13.33;2025-04-18
928;1569;13;17.9;2025-06-14
929;1433;78;39.89;2025-04-27
930;610;90;45.16;2025-02-23
931;1522;72;17.49;2025-01-21
932;795;29;3.64;2025-05-23
933;1573;67;33.5;2025-04-08
934;1465;56;10.11;2025-04-10
935;457;13;31.33;2025-01-11
936;852;71;3.66;2025-02-13
937;1172;11;40.2;2025-05-08
938;41;72;45.05;2025-01-23
939;840;90;1.24;2025-05-06
940;1128;88;37.06;2025-07-01
941;101;9;19.81;2025-05-04
942;1832;1;7.49;2025-02-11
943;591;83;26.5;2025-01-19
944;55;71;6.46;2025-05-08
945;1638;19;41.49;2025-05-23
946;480;77;25.24;2025-01-18
947;1911;93;34.75;2025-06-29
948;1024;86;49.54;2025-05-13
949;139;66;27.5;2025-04-29
950;1069;34;35.83;2025-06-13
951;1576;15;45.26;2025-07-05
952;1995;74;40.59;2025-04-04
953;922;57;27.8;2025-02-21
954;991;73;35.91;2025-04-01
955;460;1;46.75;2025-05-31
956;982;62;19.87;2025-01-07
957;1506;85;24.27;2025-06-02
958;979;29;35.64;2025-04-20
959;778;10;14.37;2025-02-02
960;197;62;40.46;2025-01-17
961;1351;70;27.19;2025-06-17
962;1219;27;27.86;2025-05-08
963;1674;70;42.24;2025-02-12
964;1367;31;8.1;2025-03-16
965;257;57;2.04;2025-05-02
966;688;69;8.92;2025-05-13
967;31;74;40.06;2025-03-07
968;1675;17;34.46;2025-02-14
969;1466;14;48.34;2025-04-05
970;1891;14;23.3;2025-04-18
971;580;60;22.34;2025-02-24
972;176;89;26.55;2025-03-30
973;137;72;26.94;2025-02-12
974;1482;82;34.88;2025-02-04
975;975;7;21.99;2025-02-21
976;1782;85;48.48;2025-02-24
977;260;19;11.25;2025-01-17
978;1939;6;45.81;2025-03-11
979;1535;92;10.63;2025-05-01
980;1324;24;25.44;2025-01-13
981;1744;84;22.27;2025-04-22
982;1433;46;34.1;2025-03-09
983;380;31;37.54;2025-04-29
984;491;93;19.73;2025-02-04
985;1343;51;27.63;2025-01-17
986;219;82;13.13;2025-05-06
987;372;95;18.73;2025-02-14
988;1857;41;45.55;2025-05-26
989;1762;24;29.72;2025-01-18
990;910;53;16.55;2025-06-18
991;1368;42;38.59;2025-02-15
992;842;76;36.61;2025-06-30
993;612;68;29.55;2025-05-26
994;687;15;4.25;2025-04-10
995;50;60;13.92;2025-02-15
996;660;50;17.62;2025-03-27
997;1511;89;28.48;2025-01-20
998;1499;84;39.88;2025-04-28
999;223;98;30.05;2025-01-09
1000;1282;80;36.8;2025-07-01
1001;1972;18;20.93;2025-02-13
1002;1600;32;20.74;2025-05-04
1003;1645;4;33.05;2025-05-31
1004;557;19;26.32;2025-04-04
1005;1082;78;20.87;2025-05-04
1006;1702;56;41.5;2025-01-28
1007;74;72;9.6;2025-04-13
1008;1256;83;1.87;2025-02-06
1009;1298;83;37.47;2025-06-23
1010;1651;63;4.63;2025-05-28
1011;908;85;48.41;2025-01-24
1012;850;53;4.8;2025-05-13
1013;478;76;10.07;2025-02-23
1014;1945;49;44.76;2025-01-05
1015;1701;88;32.8;2025-05-07
1016;710;54;44.03;2025-01-20
1017;604;39;35.3;2025-01-08
1018;1842;48;35.64;2025-05-05
1019;743;57;36.23;2025-04-29
1020;1765;16;10.75;2025-05-15
1021;304;71;5.26;2025-03-31
1022;1789;5;8.96;2025-04-05
1023;189;46;46.7;2025-05-28
1024;1171;45;33.09;2025-03-14
1025;918;70;39.1;2025-05-16
1026;319;45;17.6;2025-03-07
1027;1355;13;24.67;2025-04-15
1028;1364;86;18.23;2025-06-12
1029;115;13;27.48;2025-06-19
1030;1312;40;10.36;2025-05-17
1031;1107;24;7.67;2025-03-03
1032;1677;20;38.44;2025-02-04
1033;603;37;1.02;2025-04-10
1034;278;46;29.83;2025-05-06
1035;939;42;26.75;2025-03-12
1036;1911;39;19.15;2025-05-24
1037;1269;75;17.6;2025-05-05
1038;1991;60;35.77;2025-01-24
1039;824;63;15.5;2025-04-12
1040;1902;48;42.77;2025-04-29
1041;915;87;22.9;2025-04-05
1042;558;85;9.86;2025-01-24
1043;929;9;28.99;2025-06-28
1044;623;9;19.74;2025-04-09
1045;859;58;3.17;2025-04-08
1046;1186;12;10.66;2025-01-19
1047;1788;63;25.18;2025-05-28
1048;1558;45;34.39;2025-06-09
1049;1026;56;38.16;2025-06-28
1050;1762;24;29.59;2025-04-26
1051;1836;94;21.63;2025-04-15
1052;642;77;18.38;2025-05-09
1053;279;31;29.73;2025-02-11
1054;131;48;24.75;2025-04-13
1055;1765;98;11.73;2025-03-08
1056;1979;1;6.98;2025-05-18
1057;1442;97;44.23;2025-01-08
1058;684;99;30.56;2025-06-26
1059;400;36;40.53;2025-06-19
1060;1357;93;2.47;2025-01-16
1061;74;57;24.05;2025-05-11
1062;75;1;1.26;2025-04-11
1063;113;41;33.57;2025-02-16
1064;601;40;28.77;2025-05-11
1065;1726;93;31.34;2025-04-05
1066;786;65;37.47;2025-03-04
1067;710;42;24.49;2025-01-24
1068;1008;2;32.01;2025-03-15
1069;1642;34;4.92;2025-04-24
1070;1335;87;43.73;2025-04-25
1071;1580;11;31.62;2025-04-01
1072;626;99;35.72;2025-02-04
1073;138;87;30.94;2025-01-21
1074;825;20;45.54;2025-05-04
1075;1209;40;15.05;2025-02-16
1076;174;32;11.93;2025-07-04
1077;1252;57;39.79;2025-06-15
1078;1972;22;24.4;2025-04-25
1079;1477;43;4.21;2025-02-26
1080;623;51;26.21;2025-05-07
1081;1074;11;46.6;2025-02-02
1082;1737;86;2.56;2025-02-28
1083;995;74;16.38;2025-05-12
1084;1067;32;1.45;2025-05-14
1085;1234;31;21.46;2025-05-17
1086;251;90;37.84;2025-07-01
1087;426;89;33.62;2025-02-06
1088;1985;44;18.29;2025-03-31
1089;197;68;21.43;2025-04-06
1090;31;55;34.76;2025-06-28
1091;387;63;13.36;2025-01-10
1092;788;90;16.91;2025-04-29
1093;1189;5;43.3;2025-02-26
1094;1071;69;44.12;2025-04-19
1095;1884;29;48.12;2025-03-12
1096;1627;41;48.18;2025-03-11
1097;143;45;10.02;2025-04-11
1098;774;66;12.24;2025-03-22
1099;268;66;38.27;2025-04-11
1100;712;18;11.81;2025-06-12
1101;1749;67;26.06;2025-06-17
1102;43;88;40.62;2025-03-22
1103;1845;94;25.01;2025-01-12
1104;1848;77;9.13;2025-01-29
1105;806;45;48.62;2025-03-01
1106;1885;70;10.53;2025-04-25
1107;556;28;48.3;2025-05-30
1108;1311;5;42.0;2025-05-28
1109;1000;43;41.13;2025-03-01
1110;1474;46;22.91;2025-06-06
1111;262;77;32.38;2025-04-15
1112;94;27;5.02;2025-02-13
1113;511;25;11.0;2025-04-27
1114;1527;81;23.65;2025-02-28
1115;214;82;29.46;2025-04-15
1116;392;73;28.61;2025-06-19
1117;1262;41;17.87;2025-05-05
1118;1735;73;14.52;2025-01-24
1119;1606;81;49.43;2025-03-22
1120;106;6;7.09;2025-05-22
1121;1295;69;22.96;2025-07-02
1122;1617;82;37.95;2025-04-23
1123;1191;79;16.1;2025-02-02
1124;1976;17;36.2;2025-03-23
1125;1600;33;22.23;2025-04-14
1126;1931;43;26.16;2025-01-13
1127;1859;6;31.13;2025-01-03
1128;414;32;23.25;2025-03-19
1129;5;28;49.51;2025-06-16
1130;380;15;23.81;2025-02-11
1131;1187;33;46.88;2025-04-05
1132;1042;74;5.22;2025-04-06
1133;1516;96;25.76;2025-06-18
1134;1333;72;45.85;2025-03-22
1135;1499;6;28.21;2025-01-16
1136;851;44;46.79;2025-04-25
1137;299;1;18.25;2025-04-28
1138;298;36;5.64;2025-01-11
1139;1067;47;24.15;2025-03-21
1140;1450;4;4.88;2025-01-14
1141;1124;92;10.65;2025-01-23
1142;790;21;46.87;2025-04-17
1143;1317;39;7.49;2025-01-10
1144;1587;1;28.46;2025-04-21
1145;1328;48;19.9;2025-01-19
1146;433;84;20.52;2025-01-21
1147;241;56;8.08;2025-02-02
1148;681;20;29.31;2025-04-08
1149;1582;46;31.14;2025-01-27
1150;215;93;21.6;2025-01-16
1151;1259;54;37.67;2025-06-03
1152;1443;3;21.69;2025-05-22
1153;1652;67;27.18;2025-02-02
1154;729;5;2.84;2025-06-03
1155;1091;31;25.67;2025-02-21
1156;1283;20;8.38;2025-01-10
1157;742;74;15.4;2025-02-21
1158;480;56;5.23;2025-06-05
1159;1076;8;32.94;2025-07-05
1160;599;63;49.58;2025-03-01
1161;1752;7;4.52;2025-04-05
1162;1157;70;17.56;2025-06-14
1163;796;74;29.1;2025-01-10
1164;1946;39;40.59;2025-01-18
1165;210;71;11.23;2025-02-07
1166;220;83;28.15;2025-04-04
1167;730;45;37.0;2025-06-28
1168;165;6;24.74;2025-02-25
1169;1523;76;38.34;2025-05-29
1170;1359;72;2.27;2025-05-24
1171;1454;40;45.24;2025-02-26
1172;1131;16;9.48;2025-06-07
1173;626;58;24.75;2025-03-14
1174;232;89;40.66;2025-01-21
1175;1389;74;25.48;2025-04-13
1176;890;78;36.54;2025-06-15
1177;1944;72;49.34;2025-06-15
1178;966;4;23.5;2025-06-29
1179;618;91;22.63;2025-02-24
1180;946;91;27.84;2025-05-10
1181;1078;22;28.63;2025-05-11
1182;1469;50;46.6;2025-06-20
1183;1518;8;21.82;2025-04-14
1184;1947;34;11.85;2025-04-28
1185;400;63;25.07;2025-01-17
1186;1102;82;39.5;2025-04-13
1187;242;30;24.55;2025-01-21
1188;1643;66;35.43;2025-04-12
1189;215;28;44.35;2025-04-07
1190;961;33;5.98;2025-02-07
1191;248;63;20.36;2025-06-26
1192;1553;56;16.75;2025-03-12
1193;1776;14;4.99;2025-02-14
1194;1787;40;9.44;2025-01-30
1195;146;67;13.21;2025-01-21
1196;295;74;20.65;2025-07-04
1197;1253;85;3.42;2025-01-31
1198;1640;45;33.93;2025-04-02
1199;9;91;17.58;2025-04-19
1200;482;48;30.75;2025-05-08
1201;168;12;23.44;2025-01-28
1202;101;22;29.19;2025-06-12
1203;603;41;37.37;2025-03-11
1204;389;49;39.5;2025-03-03
1205;1641;69;27.33;2025-02-14
1206;291;99;23.44;2025-06-21
1207;1595;71;16.72;2025-06-08
