user_id;username;country;device_type;signup_date
1;user1;Germany;Android;2025-03-12
2;user2;France;Android;2025-02-05
3;user3;Germany;Android;2025-06-01
4;user4;UAE;Android;2025-01-08
5;user5;Germany;Android;2025-03-01
6;user6;Italy;Android;2025-05-24
7;user7;France;iOS;2025-02-26
8;user8;Spain;iOS;2025-01-02
9;user9;USA;iOS;2025-03-29
10;user10;Azerbaijan;Android;2025-02-25
11;user11;UK;Android;2025-01-24
12;user12;UAE;Android;2025-04-02
13;user13;UK;iOS;2025-01-12
14;user14;Spain;Android;2025-04-07
15;user15;Germany;iOS;2025-06-10
16;user16;Canada;iOS;2025-05-28
17;user17;France;Android;2025-01-12
18;user18;France;iOS;2025-01-21
19;user19;France;Android;2025-04-08
20;user20;Azerbaijan;iOS;2025-06-12
21;user21;UK;Android;2025-04-05
22;user22;UK;Android;2025-06-21
23;user23;Azerbaijan;Android;2025-06-05
24;user24;USA;Android;2025-02-11
25;user25;Spain;iOS;2025-03-11
26;user26;Italy;Android;2025-06-25
27;user27;UK;Android;2025-02-28
28;user28;Turkey;iOS;2025-04-13
29;user29;Azerbaijan;Android;2025-02-24
30;user30;Canada;iOS;2025-02-24
31;user31;Spain;iOS;2025-06-14
32;user32;Spain;Android;2025-03-09
33;user33;USA;Android;2025-05-24
34;user34;Italy;iOS;2025-05-30
35;user35;UAE;iOS;2025-04-03
36;user36;France;Android;2025-05-11
37;user37;Spain;Android;2025-01-13
38;user38;Germany;Android;2025-06-10
39;user39;USA;iOS;2025-06-02
40;user40;Germany;iOS;2025-04-08
41;user41;Canada;iOS;2025-05-16
42;user42;Azerbaijan;Android;2025-06-24
43;user43;Germany;iOS;2025-06-14
44;user44;UK;Android;2025-03-17
45;user45;UAE;Android;2025-04-27
46;user46;Turkey;iOS;2025-05-09
47;user47;USA;Android;2025-06-10
48;user48;Azerbaijan;Android;2025-02-09
49;user49;UK;Android;2025-05-19
50;user50;Italy;Android;2025-06-03
51;user51;UK;iOS;2025-01-05
52;user52;Germany;iOS;2025-03-20
53;user53;France;Android;2025-03-03
54;user54;Canada;Android;2025-01-22
55;user55;Spain;Android;2025-05-17
56;user56;USA;Android;2025-06-18
57;user57;Spain;Android;2025-03-09
58;user58;Italy;iOS;2025-02-24
59;user59;Italy;Android;2025-03-21
60;user60;UAE;iOS;2025-04-23
61;user61;Italy;iOS;2025-01-31
62;user62;France;Android;2025-01-17
63;user63;UK;Android;2025-05-31
64;user64;Italy;Android;2025-05-31
65;user65;France;Android;2025-01-19
66;user66;Turkey;Android;2025-01-18
67;user67;Turkey;iOS;2025-01-19
68;user68;Italy;Android;2025-03-13
69;user69;Spain;Android;2025-05-19
70;user70;USA;iOS;2025-03-04
71;user71;Spain;iOS;2025-02-18
72;user72;Germany;Android;2025-06-18
73;user73;UAE;iOS;2025-04-19
74;user74;UAE;iOS;2025-01-14
75;user75;Germany;Android;2025-04-14
76;user76;UK;Android;2025-03-05
77;user77;France;Android;2025-05-18
78;user78;Spain;Android;2025-04-19
79;user79;USA;iOS;2025-04-29
80;user80;France;Android;2025-04-24
81;user81;Italy;Android;2025-01-13
82;user82;Italy;Android;2025-01-24
83;user83;France;Android;2025-04-15
84;user84;Spain;iOS;2025-02-24
85;user85;UAE;Android;2025-02-12
86;user86;UAE;Android;2025-04-10
87;user87;Azerbaijan;iOS;2025-03-15
88;user88;UAE;iOS;2025-02-09
89;user89;France;iOS;2025-02-25
90;user90;Turkey;Android;2025-03-22
91;user91;Turkey;Android;2025-05-30
92;user92;Spain;Android;2025-01-15
93;user93;Italy;Android;2025-02-17
94;user94;Germany;Android;2025-06-22
95;user95;France;iOS;2025-01-31
96;user96;Canada;Android;2025-05-29
97;user97;Canada;Android;2025-06-08
98;user98;Germany;iOS;2025-06-18
99;user99;Canada;iOS;2025-03-08
100;user100;France;iOS;2025-03-03
101;user101;Azerbaijan;iOS;2025-02-03
102;user102;Azerbaijan;iOS;2025-03-22
103;user103;Germany;Android;2025-04-28
104;user104;Canada;Android;2025-01-19
105;user105;Italy;Android;2025-05-10
106;user106;Azerbaijan;Android;2025-03-31
107;user107;Germany;Android;2025-04-05
108;user108;Azerbaijan;Android;2025-04-23
109;user109;Italy;iOS;2025-06-06
110;user110;Italy;Android;2025-06-20
111;user111;Italy;iOS;2025-06-19
112;user112;Germany;Android;2025-03-09
113;user113;Germany;Android;2025-05-22
114;user114;USA;iOS;2025-03-14
115;user115;Canada;Android;2025-03-29
116;user116;France;iOS;2025-05-10
117;user117;Spain;iOS;2025-01-14
118;user118;Germany;iOS;2025-03-12
119;user119;Turkey;Android;2025-03-27
120;user120;USA;iOS;2025-02-11
121;user121;Spain;iOS;2025-05-24
122;user122;Turkey;Android;2025-01-20
123;user123;USA;Android;2025-04-05
124;user124;Canada;Android;2025-04-21
125;user125;USA;Android;2025-03-20
126;user126;UK;Android;2025-04-02
127;user127;France;Android;2025-06-20
128;user128;Germany;iOS;2025-05-24
129;user129;UAE;Android;2025-03-02
130;user130;USA;Android;2025-04-16
131;user131;Turkey;Android;2025-03-27
132;user132;UAE;Android;2025-03-10
133;user133;USA;Android;2025-04-08
134;user134;Turkey;iOS;2025-02-26
135;user135;France;iOS;2025-03-31
136;user136;Azerbaijan;Android;2025-02-27
137;user137;Turkey;Android;2025-04-13
138;user138;UK;iOS;2025-01-18
139;user139;Azerbaijan;iOS;2025-06-14
140;user140;Italy;iOS;2025-06-23
141;user141;Italy;iOS;2025-01-08
142;user142;Germany;iOS;2025-02-15
143;user143;Canada;iOS;2025-01-10
144;user144;Germany;iOS;2025-03-30
145;user145;UK;iOS;2025-06-05
146;user146;Italy;Android;2025-04-09
147;user147;Canada;Android;2025-03-07
148;user148;Turkey;iOS;2025-01-01
149;user149;Italy;Android;2025-04-04
150;user150;UAE;Android;2025-06-20
151;user151;UK;iOS;2025-06-19
152;user152;Germany;iOS;2025-05-10
153;user153;Azerbaijan;iOS;2025-03-25
154;user154;UAE;iOS;2025-05-22
155;user155;USA;Android;2025-04-18
156;user156;UAE;Android;2025-06-07
157;user157;Canada;iOS;2025-04-14
158;user158;Italy;Android;2025-03-19
159;user159;Azerbaijan;Android;2025-04-21
160;user160;Canada;iOS;2025-04-30
161;user161;Spain;iOS;2025-06-22
162;user162;France;iOS;2025-02-13
163;user163;Germany;iOS;2025-05-12
164;user164;Canada;iOS;2025-01-24
165;user165;France;iOS;2025-02-27
166;user166;France;Android;2025-01-07
167;user167;Turkey;Android;2025-05-02
168;user168;Canada;Android;2025-04-27
169;user169;UAE;Android;2025-06-28
170;user170;UAE;iOS;2025-04-13
171;user171;France;Android;2025-06-17
172;user172;Turkey;Android;2025-04-19
173;user173;France;Android;2025-06-28
174;user174;Italy;iOS;2025-01-13
175;user175;Italy;Android;2025-02-01
176;user176;Spain;Android;2025-04-29
177;user177;Italy;iOS;2025-04-24
178;user178;Canada;iOS;2025-05-21
179;user179;Spain;Android;2025-05-02
180;user180;Spain;iOS;2025-03-05
181;user181;Azerbaijan;iOS;2025-06-10
182;user182;France;iOS;2025-04-23
183;user183;Germany;iOS;2025-03-02
184;user184;Azerbaijan;iOS;2025-03-23
185;user185;Italy;Android;2025-02-05
186;user186;USA;Android;2025-04-09
187;user187;USA;Android;2025-01-17
188;user188;UAE;iOS;2025-03-26
189;user189;Italy;iOS;2025-04-17
190;user190;Turkey;Android;2025-04-18
191;user191;UAE;Android;2025-05-28
192;user192;UAE;iOS;2025-01-02
193;user193;UK;iOS;2025-04-10
194;user194;UAE;Android;2025-05-05
195;user195;France;iOS;2025-04-22
196;user196;Spain;Android;2025-04-10
197;user197;UK;iOS;2025-02-12
198;user198;Spain;Android;2025-06-09
199;user199;Italy;Android;2025-04-11
200;user200;Canada;Android;2025-01-22
201;user201;UAE;Android;2025-04-29
202;user202;USA;Android;2025-03-08
203;user203;UAE;iOS;2025-02-24
204;user204;Spain;iOS;2025-03-28
205;user205;UAE;iOS;2025-04-18
206;user206;Azerbaijan;Android;2025-05-01
207;user207;Turkey;Android;2025-03-31
208;user208;France;Android;2025-06-16
209;user209;Turkey;Android;2025-03-05
210;user210;France;Android;2025-06-09
211;user211;USA;Android;2025-02-02
212;user212;Spain;Android;2025-05-25
213;user213;France;iOS;2025-06-29
214;user214;Azerbaijan;iOS;2025-02-12
215;user215;Canada;Android;2025-02-11
216;user216;Azerbaijan;Android;2025-05-29
217;user217;Turkey;iOS;2025-05-28
218;user218;UAE;iOS;2025-02-20
219;user219;Germany;Android;2025-01-27
220;user220;Azerbaijan;Android;2025-05-25
221;user221;Turkey;iOS;2025-05-17
222;user222;UAE;iOS;2025-01-18
223;user223;Italy;iOS;2025-01-04
224;user224;UAE;iOS;2025-01-28
225;user225;UAE;iOS;2025-06-12
226;user226;Spain;Android;2025-04-22
227;user227;USA;iOS;2025-06-07
228;user228;Italy;iOS;2025-04-30
229;user229;UAE;iOS;2025-03-24
230;user230;France;Android;2025-03-13
231;user231;Spain;Android;2025-04-29
232;user232;Canada;iOS;2025-03-28
233;user233;Turkey;iOS;2025-03-25
234;user234;USA;iOS;2025-02-24
235;user235;UK;iOS;2025-03-29
236;user236;Azerbaijan;iOS;2025-05-23
237;user237;Turkey;Android;2025-01-22
238;user238;France;iOS;2025-05-06
239;user239;Italy;Android;2025-06-26
240;user240;Spain;iOS;2025-04-25
241;user241;Turkey;Android;2025-03-17
242;user242;France;iOS;2025-06-27
243;user243;France;iOS;2025-06-19
244;user244;Canada;iOS;2025-05-02
245;user245;Italy;iOS;2025-04-19
246;user246;Italy;iOS;2025-04-01
247;user247;Spain;iOS;2025-03-20
248;user248;Azerbaijan;Android;2025-01-31
249;user249;France;iOS;2025-01-31
250;user250;Italy;Android;2025-02-19
251;user251;France;iOS;2025-03-12
252;user252;Canada;iOS;2025-01-26
253;user253;France;iOS;2025-02-28
254;user254;UK;Android;2025-03-19
255;user255;Turkey;Android;2025-03-12
256;user256;Turkey;Android;2025-05-22
257;user257;Azerbaijan;Android;2025-06-13
258;user258;Spain;Android;2025-01-04
259;user259;Canada;iOS;2025-05-01
260;user260;Spain;iOS;2025-03-29
261;user261;USA;Android;2025-03-06
262;user262;Spain;Android;2025-01-17
263;user263;UAE;iOS;2025-01-19
264;user264;Canada;Android;2025-02-08
265;user265;USA;iOS;2025-01-22
266;user266;France;Android;2025-05-23
267;user267;UAE;Android;2025-05-14
268;user268;UAE;iOS;2025-04-24
269;user269;Azerbaijan;iOS;2025-03-20
270;user270;Canada;Android;2025-06-06
271;user271;Germany;Android;2025-06-10
272;user272;France;iOS;2025-06-19
273;user273;Germany;Android;2025-03-03
274;user274;USA;Android;2025-02-10
275;user275;Turkey;iOS;2025-04-26
276;user276;Canada;iOS;2025-03-16
277;user277;Turkey;Android;2025-03-15
278;user278;Azerbaijan;iOS;2025-01-19
279;user279;France;iOS;2025-06-10
280;user280;Canada;Android;2025-04-19
281;user281;Germany;Android;2025-06-15
282;user282;USA;iOS;2025-02-06
283;user283;Germany;Android;2025-02-12
284;user284;Azerbaijan;iOS;2025-04-23
285;user285;Germany;iOS;2025-06-26
286;user286;Azerbaijan;iOS;2025-03-11
287;user287;Italy;iOS;2025-04-23
288;user288;Germany;Android;2025-04-21
289;user289;UK;iOS;2025-01-07
290;user290;Germany;Android;2025-06-22
291;user291;Canada;Android;2025-06-22
292;user292;Azerbaijan;Android;2025-02-14
293;user293;Spain;iOS;2025-03-13
294;user294;USA;iOS;2025-06-12
295;user295;Spain;Android;2025-05-01
296;user296;UK;iOS;2025-03-27
297;user297;UK;Android;2025-02-11
298;user298;UK;iOS;2025-06-27
299;user299;Spain;iOS;2025-06-19
300;user300;UAE;Android;2025-04-27
301;user301;Germany;iOS;2025-03-06
302;user302;UK;Android;2025-04-14
303;user303;Italy;Android;2025-06-18
304;user304;Italy;iOS;2025-04-16
305;user305;Turkey;Android;2025-05-13
306;user306;UK;iOS;2025-06-10
307;user307;Spain;Android;2025-02-22
308;user308;Azerbaijan;Android;2025-03-15
309;user309;Spain;iOS;2025-02-01
310;user310;Turkey;Android;2025-02-10
311;user311;Azerbaijan;Android;2025-05-22
312;user312;UAE;Android;2025-02-27
313;user313;Germany;iOS;2025-01-31
314;user314;USA;iOS;2025-03-16
315;user315;Italy;iOS;2025-04-17
316;user316;Spain;iOS;2025-03-04
317;user317;Spain;Android;2025-04-09
318;user318;France;Android;2025-01-18
319;user319;Azerbaijan;iOS;2025-03-29
320;user320;Italy;iOS;2025-01-01
321;user321;Azerbaijan;iOS;2025-05-31
322;user322;Canada;iOS;2025-02-08
323;user323;Spain;iOS;2025-03-30
324;user324;UK;iOS;2025-04-27
325;user325;UK;Android;2025-06-28
326;user326;France;iOS;2025-03-01
327;user327;UAE;Android;2025-03-23
328;user328;Spain;iOS;2025-04-09
329;user329;USA;iOS;2025-01-10
330;user330;USA;iOS;2025-01-26
331;user331;Spain;Android;2025-05-15
332;user332;Spain;Android;2025-02-06
333;user333;UAE;Android;2025-01-20
334;user334;Spain;iOS;2025-03-28
335;user335;Canada;iOS;2025-06-16
336;user336;Germany;iOS;2025-06-22
337;user337;Italy;iOS;2025-03-23
338;user338;Spain;Android;2025-06-08
339;user339;Germany;Android;2025-06-11
340;user340;Azerbaijan;Android;2025-01-24
341;user341;UAE;Android;2025-06-12
342;user342;Germany;iOS;2025-02-12
343;user343;Azerbaijan;Android;2025-01-12
344;user344;UK;Android;2025-03-17
345;user345;UK;iOS;2025-04-21
346;user346;USA;Android;2025-05-16
347;user347;UAE;Android;2025-02-13
348;user348;USA;Android;2025-06-06
349;user349;UAE;Android;2025-05-08
350;user350;Canada;Android;2025-03-01
351;user351;Spain;iOS;2025-04-28
352;user352;Azerbaijan;Android;2025-04-30
353;user353;Azerbaijan;Android;2025-01-19
354;user354;Spain;iOS;2025-05-31
355;user355;Azerbaijan;iOS;2025-06-26
356;user356;Azerbaijan;iOS;2025-03-19
357;user357;France;iOS;2025-05-04
358;user358;Germany;Android;2025-04-08
359;user359;Canada;iOS;2025-05-28
360;user360;Azerbaijan;iOS;2025-01-06
361;user361;UAE;iOS;2025-01-03
362;user362;Canada;Android;2025-06-05
363;user363;Spain;iOS;2025-02-28
364;user364;Canada;iOS;2025-02-26
365;user365;France;iOS;2025-06-23
366;user366;USA;Android;2025-06-10
367;user367;Turkey;iOS;2025-04-23
368;user368;Turkey;iOS;2025-02-03
369;user369;Germany;iOS;2025-03-25
370;user370;UAE;Android;2025-02-21
371;user371;USA;iOS;2025-05-16
372;user372;Italy;iOS;2025-02-12
373;user373;Azerbaijan;iOS;2025-03-17
374;user374;UK;Android;2025-04-30
375;user375;Germany;Android;2025-02-27
376;user376;UAE;iOS;2025-01-24
377;user377;UAE;Android;2025-03-09
378;user378;Italy;Android;2025-04-27
379;user379;UK;iOS;2025-05-30
380;user380;UAE;iOS;2025-01-28
381;user381;France;iOS;2025-01-07
382;user382;Canada;iOS;2025-06-06
383;user383;France;Android;2025-06-12
384;user384;Spain;iOS;2025-06-16
385;user385;UAE;Android;2025-02-05
386;user386;Turkey;Android;2025-03-19
387;user387;Spain;Android;2025-01-25
388;user388;France;Android;2025-04-10
389;user389;Spain;iOS;2025-06-21
390;user390;Italy;iOS;2025-05-31
391;user391;USA;iOS;2025-06-17
392;user392;Germany;iOS;2025-06-07
393;user393;UAE;iOS;2025-01-09
394;user394;UK;Android;2025-04-24
395;user395;Spain;Android;2025-04-03
396;user396;Germany;iOS;2025-05-20
397;user397;UK;Android;2025-04-12
398;user398;Azerbaijan;Android;2025-02-01
399;user399;Spain;Android;2025-06-19
400;user400;France;Android;2025-01-13
401;user401;UK;Android;2025-02-02
402;user402;Canada;Android;2025-01-18
403;user403;Italy;Android;2025-05-31
404;user404;France;Android;2025-03-26
405;user405;USA;Android;2025-03-12
406;user406;USA;Android;2025-05-19
407;user407;Azerbaijan;Android;2025-01-29
408;user408;Turkey;Android;2025-01-04
409;user409;UK;Android;2025-05-31
410;user410;UK;Android;2025-02-14
411;user411;Azerbaijan;Android;2025-02-02
412;user412;UAE;Android;2025-01-17
413;user413;Spain;iOS;2025-04-03
414;user414;Italy;Android;2025-04-26
415;user415;Italy;Android;2025-06-07
416;user416;Turkey;iOS;2025-04-28
417;user417;Turkey;Android;2025-05-03
418;user418;UAE;iOS;2025-06-25
419;user419;Germany;iOS;2025-04-24
420;user420;Germany;Android;2025-03-24
421;user421;Canada;Android;2025-01-17
422;user422;USA;iOS;2025-06-09
423;user423;Canada;iOS;2025-04-08
424;user424;Canada;iOS;2025-04-27
425;user425;Italy;iOS;2025-01-26
426;user426;Germany;Android;2025-04-21
427;user427;Spain;Android;2025-04-16
428;user428;UK;iOS;2025-04-13
429;user429;UAE;Android;2025-03-22
430;user430;UAE;iOS;2025-06-20
431;user431;Azerbaijan;iOS;2025-02-09
432;user432;Spain;Android;2025-01-24
433;user433;Germany;Android;2025-04-21
434;user434;Germany;iOS;2025-02-03
435;user435;Italy;Android;2025-05-31
436;user436;Italy;iOS;2025-06-21
437;user437;Germany;iOS;2025-04-01
438;user438;UAE;Android;2025-03-15
439;user439;Canada;iOS;2025-04-01
440;user440;Germany;Android;2025-02-09
441;user441;Spain;Android;2025-01-28
442;user442;UK;iOS;2025-01-30
443;user443;Azerbaijan;Android;2025-04-20
444;user444;Italy;Android;2025-06-05
445;user445;Azerbaijan;Android;2025-02-16
446;user446;Azerbaijan;iOS;2025-03-28
447;user447;UK;Android;2025-02-16
448;user448;USA;iOS;2025-01-18
449;user449;USA;Android;2025-01-24
450;user450;Italy;Android;2025-04-07
451;user451;UAE;iOS;2025-03-29
452;user452;USA;iOS;2025-03-21
453;user453;UK;Android;2025-01-14
454;user454;USA;Android;2025-06-08
455;user455;Turkey;Android;2025-03-11
456;user456;Spain;iOS;2025-05-05
457;user457;Canada;iOS;2025-04-17
458;user458;Azerbaijan;Android;2025-05-12
459;user459;Germany;iOS;2025-04-21
460;user460;Germany;iOS;2025-06-23
461;user461;Canada;iOS;2025-05-15
462;user462;Azerbaijan;Android;2025-02-26
463;user463;UAE;Android;2025-01-02
464;user464;France;iOS;2025-02-24
465;user465;USA;iOS;2025-03-16
466;user466;UK;Android;2025-01-02
467;user467;Spain;iOS;2025-02-14
468;user468;USA;iOS;2025-05-17
469;user469;France;iOS;2025-01-19
470;user470;UAE;Android;2025-04-22
471;user471;Turkey;iOS;2025-01-20
472;user472;UK;iOS;2025-05-27
473;user473;UAE;iOS;2025-03-16
474;user474;Germany;iOS;2025-01-06
475;user475;UK;Android;2025-06-08
476;user476;Spain;iOS;2025-01-23
477;user477;UAE;Android;2025-03-04
478;user478;UAE;iOS;2025-05-15
479;user479;Germany;iOS;2025-03-21
480;user480;UK;Android;2025-03-27
481;user481;USA;Android;2025-05-11
482;user482;Germany;Android;2025-03-31
483;user483;UK;Android;2025-03-02
484;user484;Germany;Android;2025-03-07
485;user485;France;Android;2025-06-04
486;user486;USA;Android;2025-02-15
487;user487;Spain;iOS;2025-05-25
488;user488;Canada;iOS;2025-06-24
489;user489;Canada;iOS;2025-06-10
490;user490;UK;Android;2025-04-23
491;user491;Germany;iOS;2025-04-24
492;user492;Azerbaijan;iOS;2025-06-01
493;user493;Turkey;iOS;2025-05-10
494;user494;Germany;iOS;2025-04-29
495;user495;Spain;Android;2025-01-15
496;user496;UK;iOS;2025-01-20
497;user497;Germany;iOS;2025-04-29
498;user498;Canada;Android;2025-04-26
499;user499;Canada;Android;2025-03-24
500;user500;Canada;iOS;2025-05-09
501;user501;USA;Android;2025-04-26
502;user502;Germany;iOS;2025-01-22
503;user503;Italy;Android;2025-01-11
504;user504;France;iOS;2025-04-23
505;user505;Italy;Android;2025-04-04
506;user506;UK;iOS;2025-04-10
507;user507;UAE;iOS;2025-06-23
508;user508;Canada;Android;2025-06-11
509;user509;UK;Android;2025-03-26
510;user510;Germany;iOS;2025-03-14
511;user511;Azerbaijan;Android;2025-03-27
512;user512;Germany;Android;2025-03-31
513;user513;Azerbaijan;iOS;2025-02-03
514;user514;Canada;Android;2025-03-21
515;user515;Italy;iOS;2025-06-14
516;user516;UK;Android;2025-06-21
517;user517;Italy;Android;2025-06-15
518;user518;UAE;iOS;2025-01-05
519;user519;UK;iOS;2025-02-16
520;user520;France;iOS;2025-05-05
521;user521;France;Android;2025-02-05
522;user522;USA;Android;2025-03-17
523;user523;Germany;Android;2025-06-19
524;user524;UK;Android;2025-06-02
525;user525;UAE;Android;2025-02-11
526;user526;USA;Android;2025-04-23
527;user527;Turkey;iOS;2025-04-04
528;user528;France;iOS;2025-06-06
529;user529;Azerbaijan;iOS;2025-03-01
530;user530;Italy;Android;2025-03-21
531;user531;Spain;Android;2025-04-05
532;user532;Canada;iOS;2025-04-29
533;user533;Azerbaijan;iOS;2025-05-09
534;user534;Italy;iOS;2025-02-11
535;user535;France;Android;2025-03-06
536;user536;Turkey;iOS;2025-04-06
537;user537;Italy;Android;2025-05-13
538;user538;Germany;iOS;2025-01-22
539;user539;USA;iOS;2025-04-26
540;user540;Italy;Android;2025-04-22
541;user541;Germany;Android;2025-04-26
542;user542;UK;Android;2025-04-17
543;user543;Turkey;iOS;2025-05-09
544;user544;UK;Android;2025-04-09
545;user545;Germany;iOS;2025-02-27
546;user546;Turkey;iOS;2025-01-26
547;user547;UK;Android;2025-02-05
548;user548;Turkey;iOS;2025-05-01
549;user549;USA;iOS;2025-04-25
550;user550;Canada;Android;2025-01-21
551;user551;Turkey;iOS;2025-02-25
552;user552;USA;iOS;2025-01-29
553;user553;Azerbaijan;Android;2025-03-19
554;user554;Germany;Android;2025-03-03
555;user555;UAE;iOS;2025-01-17
556;user556;Germany;iOS;2025-06-02
557;user557;Italy;Android;2025-06-11
558;user558;Italy;Android;2025-02-06
559;user559;Azerbaijan;iOS;2025-01-01
560;user560;Canada;iOS;2025-03-03
561;user561;Canada;iOS;2025-02-17
562;user562;Germany;iOS;2025-01-18
563;user563;Italy;Android;2025-04-10
564;user564;Spain;Android;2025-06-12
565;user565;UAE;iOS;2025-03-06
566;user566;Turkey;iOS;2025-01-18
567;user567;UK;Android;2025-06-18
568;user568;Germany;iOS;2025-02-04
569;user569;Turkey;iOS;2025-05-20
570;user570;UK;Android;2025-06-25
571;user571;Spain;iOS;2025-06-11
572;user572;USA;Android;2025-01-17
573;user573;Spain;Android;2025-03-17
574;user574;France;Android;2025-02-21
575;user575;Turkey;iOS;2025-03-21
576;user576;Italy;iOS;2025-05-20
577;user577;Spain;iOS;2025-01-10
578;user578;France;iOS;2025-04-02
579;user579;Turkey;iOS;2025-03-11
580;user580;Germany;iOS;2025-04-22
581;user581;UAE;iOS;2025-04-09
582;user582;UK;Android;2025-05-08
583;user583;Spain;iOS;2025-05-13
584;user584;Azerbaijan;Android;2025-04-19
585;user585;Germany;iOS;2025-06-04
586;user586;USA;iOS;2025-03-24
587;user587;Germany;Android;2025-03-25
588;user588;Azerbaijan;iOS;2025-04-25
589;user589;Canada;iOS;2025-02-12
590;user590;Spain;iOS;2025-04-25
591;user591;Turkey;iOS;2025-06-07
592;user592;UAE;iOS;2025-06-13
593;user593;Turkey;Android;2025-06-21
594;user594;UAE;iOS;2025-05-12
595;user595;USA;Android;2025-02-06
596;user596;Canada;iOS;2025-01-09
597;user597;USA;Android;2025-03-02
598;user598;UK;iOS;2025-04-09
599;user599;Canada;Android;2025-06-04
600;user600;USA;iOS;2025-04-05
601;user601;UK;iOS;2025-01-20
602;user602;Canada;Android;2025-05-16
603;user603;UK;iOS;2025-03-22
604;user604;Azerbaijan;Android;2025-01-30
605;user605;Turkey;Android;2025-05-08
606;user606;Italy;iOS;2025-05-24
607;user607;Germany;iOS;2025-03-08
608;user608;Spain;Android;2025-06-06
609;user609;Azerbaijan;iOS;2025-02-21
610;user610;Germany;Android;2025-01-19
611;user611;Spain;Android;2025-04-24
612;user612;Germany;iOS;2025-06-20
613;user613;UK;Android;2025-05-21
614;user614;Italy;iOS;2025-03-18
615;user615;USA;Android;2025-04-03
616;user616;Italy;Android;2025-02-01
617;user617;France;Android;2025-03-02
618;user618;Spain;Android;2025-04-03
619;user619;Italy;iOS;2025-04-30
620;user620;Italy;Android;2025-06-06
621;user621;Germany;Android;2025-03-21
622;user622;UAE;iOS;2025-05-15
623;user623;UAE;iOS;2025-05-28
624;user624;Germany;Android;2025-03-23
625;user625;Germany;iOS;2025-04-30
626;user626;Italy;iOS;2025-02-02
627;user627;Italy;Android;2025-02-03
628;user628;UAE;Android;2025-02-01
629;user629;Italy;Android;2025-03-19
630;user630;USA;Android;2025-03-24
631;user631;France;iOS;2025-05-13
632;user632;Azerbaijan;Android;2025-03-06
633;user633;France;iOS;2025-02-02
634;user634;Azerbaijan;Android;2025-05-09
635;user635;USA;Android;2025-02-13
636;user636;Canada;iOS;2025-05-25
637;user637;Turkey;Android;2025-01-21
638;user638;Turkey;iOS;2025-06-16
639;user639;France;iOS;2025-06-08
640;user640;Turkey;iOS;2025-06-10
641;user641;Italy;iOS;2025-06-14
642;user642;Azerbaijan;iOS;2025-03-04
643;user643;UAE;iOS;2025-04-27
644;user644;Germany;Android;2025-02-10
645;user645;Spain;iOS;2025-05-04
646;user646;Spain;Android;2025-03-29
647;user647;Canada;Android;2025-03-22
648;user648;UK;iOS;2025-04-13
649;user649;USA;iOS;2025-05-12
650;user650;Italy;Android;2025-03-23
651;user651;France;iOS;2025-02-01
652;user652;Azerbaijan;iOS;2025-03-05
653;user653;USA;Android;2025-01-13
654;user654;Azerbaijan;iOS;2025-06-07
655;user655;UAE;Android;2025-02-10
656;user656;UK;iOS;2025-02-18
657;user657;USA;iOS;2025-05-12
658;user658;Spain;iOS;2025-03-20
659;user659;Spain;Android;2025-01-24
660;user660;UAE;iOS;2025-03-03
661;user661;France;iOS;2025-01-13
662;user662;Turkey;iOS;2025-05-07
663;user663;Canada;iOS;2025-03-15
664;user664;Italy;Android;2025-01-28
665;user665;UAE;Android;2025-03-09
666;user666;UK;iOS;2025-04-04
667;user667;Turkey;iOS;2025-01-14
668;user668;Canada;Android;2025-04-03
669;user669;Italy;iOS;2025-01-19
670;user670;UAE;iOS;2025-05-21
671;user671;Azerbaijan;Android;2025-02-02
672;user672;Germany;iOS;2025-04-06
673;user673;UK;iOS;2025-02-06
674;user674;France;iOS;2025-05-09
675;user675;Turkey;Android;2025-01-10
676;user676;USA;iOS;2025-05-02
677;user677;Italy;iOS;2025-02-08
678;user678;Canada;Android;2025-03-25
679;user679;Canada;iOS;2025-02-11
680;user680;UAE;iOS;2025-06-01
681;user681;UK;iOS;2025-05-25
682;user682;Azerbaijan;iOS;2025-01-05
683;user683;UK;iOS;2025-06-22
684;user684;Germany;iOS;2025-05-30
685;user685;Azerbaijan;Android;2025-06-02
686;user686;Spain;iOS;2025-06-17
687;user687;Canada;Android;2025-01-14
688;user688;Canada;iOS;2025-02-13
689;user689;Italy;iOS;2025-02-07
690;user690;France;Android;2025-05-27
691;user691;Germany;Android;2025-01-05
692;user692;Spain;iOS;2025-04-18
693;user693;USA;iOS;2025-06-26
694;user694;France;iOS;2025-05-09
695;user695;Canada;iOS;2025-01-16
696;user696;USA;Android;2025-05-24
697;user697;UK;iOS;2025-05-15
698;user698;UAE;iOS;2025-02-14
699;user699;Spain;iOS;2025-05-20
700;user700;UK;iOS;2025-06-06
701;user701;Spain;Android;2025-03-05
702;user702;Azerbaijan;iOS;2025-02-27
703;user703;Azerbaijan;iOS;2025-06-30
704;user704;France;iOS;2025-03-23
705;user705;Spain;iOS;2025-05-24
706;user706;Azerbaijan;iOS;2025-02-01
707;user707;Canada;iOS;2025-04-12
708;user708;UK;Android;2025-03-16
709;user709;Turkey;iOS;2025-01-21
710;user710;UK;iOS;2025-06-17
711;user711;Azerbaijan;iOS;2025-02-24
712;user712;France;iOS;2025-05-24
713;user713;Azerbaijan;Android;2025-01-28
714;user714;Canada;Android;2025-03-04
715;user715;Turkey;Android;2025-06-13
716;user716;France;Android;2025-01-26
717;user717;UAE;iOS;2025-05-01
718;user718;Germany;Android;2025-01-02
719;user719;Italy;Android;2025-04-15
720;user720;Spain;iOS;2025-06-16
721;user721;France;iOS;2025-03-24
722;user722;Azerbaijan;Android;2025-01-23
723;user723;Canada;Android;2025-05-17
724;user724;Turkey;Android;2025-04-17
725;user725;USA;Android;2025-04-12
726;user726;Spain;Android;2025-03-16
727;user727;Turkey;Android;2025-03-18
728;user728;Canada;Android;2025-03-27
729;user729;Azerbaijan;iOS;2025-06-14
730;user730;Italy;iOS;2025-02-04
731;user731;Italy;iOS;2025-03-11
732;user732;France;Android;2025-03-26
733;user733;USA;iOS;2025-06-15
734;user734;Azerbaijan;Android;2025-01-04
735;user735;UK;iOS;2025-05-26
736;user736;France;Android;2025-06-06
737;user737;UAE;iOS;2025-05-12
738;user738;UK;Android;2025-04-13
739;user739;Germany;Android;2025-02-05
740;user740;Spain;iOS;2025-03-05
741;user741;Turkey;iOS;2025-04-09
742;user742;France;iOS;2025-03-10
743;user743;UK;iOS;2025-05-30
744;user744;Canada;Android;2025-03-08
745;user745;UK;Android;2025-01-16
746;user746;Germany;iOS;2025-03-20
747;user747;USA;iOS;2025-06-25
748;user748;Italy;iOS;2025-06-26
749;user749;Germany;iOS;2025-04-05
750;user750;Canada;Android;2025-02-26
751;user751;USA;iOS;2025-02-09
752;user752;Spain;iOS;2025-04-17
753;user753;Italy;iOS;2025-05-18
754;user754;France;Android;2025-06-24
755;user755;Canada;Android;2025-05-15
756;user756;Spain;iOS;2025-01-20
757;user757;Canada;Android;2025-01-16
758;user758;Italy;Android;2025-05-27
759;user759;Italy;Android;2025-02-12
760;user760;UK;iOS;2025-01-30
761;user761;France;iOS;2025-01-24
762;user762;Italy;iOS;2025-01-15
763;user763;Spain;Android;2025-05-12
764;user764;UAE;iOS;2025-05-25
765;user765;Turkey;iOS;2025-06-22
766;user766;Azerbaijan;Android;2025-04-12
767;user767;Azerbaijan;Android;2025-02-25
768;user768;Canada;Android;2025-01-12
769;user769;UAE;iOS;2025-06-29
770;user770;Germany;Android;2025-01-18
771;user771;Spain;Android;2025-03-15
772;user772;UAE;Android;2025-02-04
773;user773;UAE;iOS;2025-04-08
774;user774;Spain;iOS;2025-04-07
775;user775;Germany;Android;2025-06-17
776;user776;UK;Android;2025-02-15
777;user777;Italy;iOS;2025-05-16
778;user778;USA;Android;2025-01-01
779;user779;Turkey;iOS;2025-04-29
780;user780;Italy;iOS;2025-05-17
781;user781;UAE;Android;2025-03-05
782;user782;Spain;iOS;2025-02-09
783;user783;Azerbaijan;Android;2025-01-29
784;user784;Turkey;iOS;2025-06-07
785;user785;Turkey;Android;2025-02-22
786;user786;Germany;Android;2025-06-02
787;user787;Turkey;iOS;2025-06-03
788;user788;Turkey;Android;2025-01-12
789;user789;UAE;iOS;2025-03-01
790;user790;Italy;Android;2025-01-15
791;user791;USA;iOS;2025-03-01
792;user792;Canada;iOS;2025-05-28
793;user793;Canada;iOS;2025-03-02
794;user794;Azerbaijan;Android;2025-06-19
795;user795;Italy;Android;2025-04-16
796;user796;Azerbaijan;iOS;2025-01-16
797;user797;Italy;Android;2025-06-10
798;user798;UAE;iOS;2025-01-13
799;user799;UK;iOS;2025-05-15
800;user800;UK;iOS;2025-04-15
801;user801;USA;iOS;2025-04-07
802;user802;USA;iOS;2025-03-03
803;user803;France;iOS;2025-02-06
804;user804;Spain;Android;2025-05-24
805;user805;UAE;iOS;2025-05-23
806;user806;Italy;Android;2025-04-10
807;user807;France;iOS;2025-02-22
808;user808;UK;Android;2025-04-26
809;user809;UK;Android;2025-05-18
810;user810;France;Android;2025-03-10
811;user811;UAE;Android;2025-01-19
812;user812;France;Android;2025-05-03
813;user813;France;iOS;2025-03-19
814;user814;Turkey;Android;2025-02-18
815;user815;Germany;iOS;2025-03-04
816;user816;Canada;Android;2025-04-12
817;user817;France;iOS;2025-03-14
818;user818;UAE;iOS;2025-05-17
819;user819;UK;iOS;2025-03-08
820;user820;UK;iOS;2025-04-30
821;user821;Germany;iOS;2025-03-23
822;user822;France;iOS;2025-03-22
823;user823;UAE;Android;2025-05-25
824;user824;France;Android;2025-01-05
825;user825;Azerbaijan;iOS;2025-03-17
826;user826;USA;Android;2025-03-26
827;user827;France;iOS;2025-05-26
828;user828;France;iOS;2025-05-21
829;user829;UK;iOS;2025-05-06
830;user830;Spain;iOS;2025-02-13
831;user831;UK;Android;2025-02-05
832;user832;Italy;iOS;2025-02-17
833;user833;Italy;Android;2025-05-15
834;user834;Turkey;Android;2025-06-21
835;user835;Turkey;Android;2025-04-16
836;user836;USA;Android;2025-01-18
837;user837;USA;Android;2025-02-25
838;user838;Italy;iOS;2025-04-06
839;user839;Turkey;iOS;2025-06-18
840;user840;Spain;Android;2025-01-02
841;user841;Italy;iOS;2025-01-04
842;user842;Turkey;iOS;2025-05-18
843;user843;Azerbaijan;Android;2025-05-09
844;user844;UAE;Android;2025-01-28
845;user845;Germany;Android;2025-03-03
846;user846;France;iOS;2025-04-01
847;user847;Azerbaijan;iOS;2025-01-21
848;user848;UK;iOS;2025-04-28
849;user849;Canada;Android;2025-06-28
850;user850;France;iOS;2025-06-25
851;user851;Germany;Android;2025-01-24
852;user852;UAE;iOS;2025-04-07
853;user853;Italy;iOS;2025-01-15
854;user854;Turkey;Android;2025-01-22
855;user855;Spain;iOS;2025-06-15
856;user856;UK;Android;2025-05-16
857;user857;Turkey;Android;2025-02-24
858;user858;Canada;iOS;2025-03-11
859;user859;Turkey;Android;2025-06-25
860;user860;Azerbaijan;Android;2025-02-15
861;user861;UK;Android;2025-02-23
862;user862;Canada;Android;2025-04-12
863;user863;Germany;iOS;2025-02-11
864;user864;Canada;Android;2025-05-26
865;user865;UAE;iOS;2025-04-09
866;user866;USA;Android;2025-05-09
867;user867;UK;Android;2025-01-26
868;user868;UAE;Android;2025-01-20
869;user869;UK;iOS;2025-03-25
870;user870;Turkey;iOS;2025-04-26
871;user871;Spain;Android;2025-04-02
872;user872;Italy;iOS;2025-04-21
873;user873;USA;iOS;2025-01-22
874;user874;Canada;iOS;2025-03-05
875;user875;Germany;Android;2025-03-10
876;user876;USA;iOS;2025-06-12
877;user877;USA;iOS;2025-03-23
878;user878;UK;Android;2025-01-24
879;user879;Turkey;iOS;2025-04-24
880;user880;UK;iOS;2025-01-27
881;user881;USA;Android;2025-02-17
882;user882;UAE;iOS;2025-05-23
883;user883;Italy;iOS;2025-01-27
884;user884;Turkey;Android;2025-04-01
885;user885;Italy;Android;2025-06-02
886;user886;Canada;iOS;2025-04-09
887;user887;Turkey;iOS;2025-04-16
888;user888;UAE;Android;2025-05-24
889;user889;France;Android;2025-06-25
890;user890;UAE;Android;2025-02-05
891;user891;Azerbaijan;iOS;2025-03-10
892;user892;Spain;Android;2025-01-17
893;user893;USA;iOS;2025-03-12
894;user894;UAE;iOS;2025-05-04
895;user895;Germany;iOS;2025-03-06
896;user896;France;iOS;2025-06-02
897;user897;Canada;Android;2025-04-28
898;user898;Germany;Android;2025-03-19
899;user899;Turkey;iOS;2025-03-27
900;user900;Canada;iOS;2025-03-26
901;user901;Spain;iOS;2025-04-21
902;user902;Canada;Android;2025-03-18
903;user903;UK;Android;2025-05-03
904;user904;UK;Android;2025-04-12
905;user905;UK;iOS;2025-06-27
906;user906;Spain;Android;2025-03-25
907;user907;UAE;iOS;2025-04-11
908;user908;UK;Android;2025-05-25
909;user909;France;Android;2025-06-24
910;user910;Italy;Android;2025-04-29
911;user911;France;iOS;2025-03-16
912;user912;Germany;iOS;2025-06-22
913;user913;Spain;Android;2025-06-12
914;user914;Azerbaijan;Android;2025-03-06
915;user915;USA;iOS;2025-04-07
916;user916;Germany;iOS;2025-06-03
917;user917;Spain;iOS;2025-05-17
918;user918;Italy;iOS;2025-05-20
919;user919;Turkey;iOS;2025-06-29
920;user920;Italy;Android;2025-01-28
921;user921;France;iOS;2025-02-12
922;user922;Canada;Android;2025-05-25
923;user923;UAE;iOS;2025-04-21
924;user924;Germany;Android;2025-01-26
925;user925;Azerbaijan;Android;2025-05-11
926;user926;Italy;Android;2025-04-25
927;user927;UK;iOS;2025-04-29
928;user928;Canada;Android;2025-03-30
929;user929;Turkey;iOS;2025-01-27
930;user930;Azerbaijan;iOS;2025-01-22
931;user931;Germany;Android;2025-03-31
932;user932;Azerbaijan;iOS;2025-04-27
933;user933;France;iOS;2025-03-31
934;user934;Spain;Android;2025-04-23
935;user935;Spain;iOS;2025-01-18
936;user936;Azerbaijan;Android;2025-01-30
937;user937;Turkey;iOS;2025-06-15
938;user938;Germany;Android;2025-03-04
939;user939;Italy;Android;2025-05-22
940;user940;USA;iOS;2025-05-24
941;user941;UAE;iOS;2025-03-01
942;user942;UAE;Android;2025-02-17
943;user943;UAE;iOS;2025-01-08
944;user944;Canada;Android;2025-04-26
945;user945;Canada;iOS;2025-04-10
946;user946;Turkey;Android;2025-02-22
947;user947;Azerbaijan;Android;2025-05-28
948;user948;Germany;Android;2025-04-04
949;user949;UK;Android;2025-04-28
950;user950;Germany;iOS;2025-06-21
951;user951;Spain;iOS;2025-06-02
952;user952;UAE;iOS;2025-05-31
953;user953;Germany;iOS;2025-04-01
954;user954;Spain;Android;2025-06-22
955;user955;Azerbaijan;Android;2025-06-22
956;user956;USA;iOS;2025-01-31
957;user957;France;iOS;2025-01-30
958;user958;USA;iOS;2025-06-27
959;user959;USA;iOS;2025-04-18
960;user960;Canada;Android;2025-05-28
961;user961;UAE;iOS;2025-02-17
962;user962;Spain;Android;2025-05-23
963;user963;USA;iOS;2025-03-15
964;user964;USA;Android;2025-03-22
965;user965;Spain;Android;2025-04-02
966;user966;Turkey;iOS;2025-02-04
967;user967;France;iOS;2025-05-24
968;user968;Italy;iOS;2025-04-15
969;user969;Spain;iOS;2025-04-24
970;user970;Spain;Android;2025-01-22
971;user971;Canada;Android;2025-02-26
972;user972;Azerbaijan;Android;2025-03-12
973;user973;France;iOS;2025-02-13
974;user974;Spain;iOS;2025-05-21
975;user975;Italy;Android;2025-05-27
976;user976;Germany;iOS;2025-05-20
977;user977;UK;Android;2025-04-23
978;user978;Italy;Android;2025-04-19
979;user979;Germany;Android;2025-03-18
980;user980;Turkey;iOS;2025-03-09
981;user981;UK;Android;2025-04-23
982;user982;Germany;Android;2025-02-23
983;user983;Canada;iOS;2025-06-06
984;user984;UAE;Android;2025-06-07
985;user985;USA;Android;2025-02-22
986;user986;Turkey;iOS;2025-05-17
987;user987;Azerbaijan;Android;2025-03-24
988;user988;Azerbaijan;iOS;2025-05-27
989;user989;Azerbaijan;Android;2025-02-04
990;user990;UAE;Android;2025-03-12
991;user991;USA;Android;2025-03-05
992;user992;USA;iOS;2025-03-05
993;user993;UAE;iOS;2025-02-06
994;user994;Canada;iOS;2025-06-10
995;user995;UAE;iOS;2025-04-26
996;user996;Germany;Android;2025-04-14
997;user997;Italy;iOS;2025-06-27
998;user998;UK;iOS;2025-05-05
999;user999;UK;Android;2025-01-24
1000;user1000;Spain;iOS;2025-01-17
1001;user1001;Italy;iOS;2025-02-25
1002;user1002;UAE;Android;2025-05-07
1003;user1003;Azerbaijan;iOS;2025-03-14
1004;user1004;UK;Android;2025-05-25
1005;user1005;Spain;iOS;2025-06-24
1006;user1006;Turkey;Android;2025-01-26
1007;user1007;Spain;Android;2025-02-01
1008;user1008;USA;iOS;2025-04-27
1009;user1009;Turkey;iOS;2025-02-21
1010;user1010;USA;iOS;2025-02-10
1011;user1011;Azerbaijan;Android;2025-06-17
1012;user1012;UK;iOS;2025-01-22
1013;user1013;UK;Android;2025-01-14
1014;user1014;UAE;iOS;2025-06-29
1015;user1015;France;iOS;2025-06-17
1016;user1016;Germany;Android;2025-01-01
1017;user1017;France;iOS;2025-01-20
1018;user1018;USA;Android;2025-05-13
1019;user1019;Spain;Android;2025-01-03
1020;user1020;UK;Android;2025-04-19
1021;user1021;USA;iOS;2025-01-19
1022;user1022;France;iOS;2025-01-23
1023;user1023;Germany;Android;2025-03-22
1024;user1024;UK;iOS;2025-02-05
1025;user1025;UAE;Android;2025-06-14
1026;user1026;USA;Android;2025-05-16
1027;user1027;Canada;Android;2025-06-06
1028;user1028;USA;iOS;2025-03-31
1029;user1029;France;Android;2025-04-16
1030;user1030;Canada;iOS;2025-02-25
1031;user1031;Germany;Android;2025-02-05
1032;user1032;Germany;iOS;2025-03-31
1033;user1033;UAE;iOS;2025-02-05
1034;user1034;France;iOS;2025-06-15
1035;user1035;Germany;Android;2025-05-22
1036;user1036;Canada;iOS;2025-06-26
1037;user1037;Turkey;iOS;2025-02-22
1038;user1038;Italy;Android;2025-04-11
1039;user1039;Azerbaijan;Android;2025-03-03
1040;user1040;Spain;iOS;2025-01-29
1041;user1041;France;iOS;2025-06-13
1042;user1042;Canada;Android;2025-05-16
1043;user1043;Turkey;iOS;2025-03-23
1044;user1044;USA;iOS;2025-05-26
1045;user1045;UAE;iOS;2025-05-20
1046;user1046;USA;iOS;2025-01-19
1047;user1047;Turkey;Android;2025-01-04
1048;user1048;Azerbaijan;Android;2025-01-11
1049;user1049;Turkey;iOS;2025-05-10
1050;user1050;Azerbaijan;iOS;2025-04-19
1051;user1051;UAE;Android;2025-06-13
1052;user1052;Italy;Android;2025-03-13
1053;user1053;Germany;iOS;2025-01-21
1054;user1054;Italy;Android;2025-02-09
1055;user1055;Italy;iOS;2025-04-11
1056;user1056;Canada;Android;2025-03-21
1057;user1057;UAE;Android;2025-01-15
1058;user1058;France;Android;2025-04-22
1059;user1059;Germany;iOS;2025-06-06
1060;user1060;Canada;Android;2025-03-21
1061;user1061;USA;Android;2025-01-04
1062;user1062;USA;Android;2025-02-11
1063;user1063;Spain;iOS;2025-05-14
1064;user1064;Italy;iOS;2025-02-12
1065;user1065;UK;Android;2025-03-10
1066;user1066;Germany;Android;2025-03-27
1067;user1067;UAE;iOS;2025-05-15
1068;user1068;Germany;iOS;2025-05-28
1069;user1069;Germany;iOS;2025-04-27
1070;user1070;Italy;iOS;2025-01-15
1071;user1071;Spain;Android;2025-04-05
1072;user1072;USA;iOS;2025-01-27
1073;user1073;Canada;Android;2025-02-28
1074;user1074;Italy;Android;2025-01-12
1075;user1075;Turkey;Android;2025-01-12
1076;user1076;Spain;iOS;2025-04-09
1077;user1077;USA;Android;2025-01-10
1078;user1078;Italy;iOS;2025-02-27
1079;user1079;UK;Android;2025-04-17
1080;user1080;UK;iOS;2025-01-20
1081;user1081;Canada;iOS;2025-01-31
1082;user1082;Italy;Android;2025-02-15
1083;user1083;France;Android;2025-04-13
1084;user1084;Germany;iOS;2025-03-14
1085;user1085;Azerbaijan;iOS;2025-01-23
1086;user1086;Italy;iOS;2025-01-03
1087;user1087;UK;Android;2025-03-16
1088;user1088;Canada;iOS;2025-06-09
1089;user1089;France;iOS;2025-04-05
1090;user1090;Canada;iOS;2025-02-20
1091;user1091;Italy;Android;2025-02-08
1092;user1092;Turkey;iOS;2025-01-07
1093;user1093;France;iOS;2025-06-12
1094;user1094;Turkey;iOS;2025-01-01
1095;user1095;UAE;iOS;2025-01-27
1096;user1096;France;Android;2025-04-18
1097;user1097;Spain;Android;2025-02-06
1098;user1098;Azerbaijan;Android;2025-01-12
1099;user1099;France;iOS;2025-06-29
1100;user1100;UK;iOS;2025-01-22
1101;user1101;Canada;Android;2025-05-10
1102;user1102;USA;iOS;2025-01-20
1103;user1103;Canada;Android;2025-04-22
1104;user1104;USA;Android;2025-03-16
1105;user1105;Azerbaijan;iOS;2025-04-11
1106;user1106;UK;iOS;2025-04-26
1107;user1107;Azerbaijan;Android;2025-01-20
1108;user1108;France;Android;2025-05-30
1109;user1109;Germany;Android;2025-01-28
1110;user1110;USA;iOS;2025-04-30
1111;user1111;UK;iOS;2025-01-31
1112;user1112;Italy;iOS;2025-02-23
1113;user1113;Spain;iOS;2025-04-29
1114;user1114;Azerbaijan;Android;2025-01-24
1115;user1115;USA;iOS;2025-06-30
1116;user1116;Canada;Android;2025-02-25
1117;user1117;UK;Android;2025-01-24
1118;user1118;France;iOS;2025-04-12
1119;user1119;Italy;Android;2025-06-23
1120;user1120;Azerbaijan;iOS;2025-02-14
1121;user1121;Turkey;iOS;2025-04-26
1122;user1122;Italy;Android;2025-01-25
1123;user1123;Spain;Android;2025-02-05
1124;user1124;Germany;Android;2025-01-16
1125;user1125;France;Android;2025-02-20
1126;user1126;UAE;iOS;2025-06-25
1127;user1127;Germany;iOS;2025-01-20
1128;user1128;Turkey;Android;2025-02-20
1129;user1129;Spain;Android;2025-01-24
1130;user1130;UK;Android;2025-01-11
1131;user1131;Spain;Android;2025-02-13
1132;user1132;Canada;iOS;2025-04-12
1133;user1133;Spain;Android;2025-04-08
1134;user1134;UAE;Android;2025-04-01
1135;user1135;France;Android;2025-03-12
1136;user1136;Azerbaijan;iOS;2025-02-08
1137;user1137;Turkey;Android;2025-06-15
1138;user1138;Azerbaijan;iOS;2025-04-16
1139;user1139;Italy;iOS;2025-01-16
1140;user1140;Germany;iOS;2025-04-09
1141;user1141;USA;iOS;2025-02-21
1142;user1142;Italy;Android;2025-06-11
1143;user1143;Italy;Android;2025-04-08
1144;user1144;UK;iOS;2025-05-20
1145;user1145;Spain;iOS;2025-05-25
1146;user1146;Italy;iOS;2025-04-10
1147;user1147;Azerbaijan;Android;2025-01-07
1148;user1148;UK;Android;2025-01-08
1149;user1149;Azerbaijan;Android;2025-05-01
1150;user1150;Italy;iOS;2025-05-30
1151;user1151;France;Android;2025-01-26
1152;user1152;France;Android;2025-03-10
1153;user1153;Italy;Android;2025-02-26
1154;user1154;Canada;iOS;2025-04-01
1155;user1155;USA;Android;2025-03-02
1156;user1156;Canada;iOS;2025-06-28
1157;user1157;UK;Android;2025-06-30
1158;user1158;UK;Android;2025-05-25
1159;user1159;France;iOS;2025-05-19
1160;user1160;Azerbaijan;Android;2025-05-06
1161;user1161;Turkey;Android;2025-01-15
1162;user1162;France;Android;2025-01-06
1163;user1163;Italy;iOS;2025-01-01
1164;user1164;UK;Android;2025-02-03
1165;user1165;UK;Android;2025-03-24
1166;user1166;Turkey;Android;2025-02-07
1167;user1167;Canada;Android;2025-01-29
1168;user1168;Italy;iOS;2025-01-19
1169;user1169;UK;iOS;2025-05-31
1170;user1170;Germany;iOS;2025-03-19
1171;user1171;UK;Android;2025-02-10
1172;user1172;UAE;iOS;2025-06-16
1173;user1173;UK;Android;2025-05-24
1174;user1174;Canada;iOS;2025-02-27
1175;user1175;Canada;Android;2025-04-07
1176;user1176;Azerbaijan;iOS;2025-02-02
1177;user1177;USA;Android;2025-06-29
1178;user1178;Canada;iOS;2025-05-26
1179;user1179;Turkey;Android;2025-06-04
1180;user1180;UK;Android;2025-06-13
1181;user1181;Canada;Android;2025-05-08
1182;user1182;USA;iOS;2025-01-20
1183;user1183;France;iOS;2025-03-23
1184;user1184;USA;Android;2025-06-21
1185;user1185;UK;iOS;2025-01-03
1186;user1186;Azerbaijan;Android;2025-03-05
1187;user1187;Germany;iOS;2025-03-07
1188;user1188;Germany;Android;2025-01-13
1189;user1189;UAE;iOS;2025-04-18
1190;user1190;USA;iOS;2025-05-07
1191;user1191;UAE;iOS;2025-05-20
1192;user1192;UAE;Android;2025-05-03
1193;user1193;Canada;Android;2025-02-11
1194;user1194;Spain;Android;2025-01-09
1195;user1195;Azerbaijan;Android;2025-03-23
1196;user1196;Azerbaijan;Android;2025-01-19
1197;user1197;UK;Android;2025-04-07
1198;user1198;USA;Android;2025-05-21
1199;user1199;Germany;iOS;2025-06-02
1200;user1200;Canada;iOS;2025-06-30
1201;user1201;Turkey;iOS;2025-06-17
1202;user1202;USA;iOS;2025-02-10
1203;user1203;Turkey;Android;2025-03-26
1204;user1204;France;Android;2025-04-15
1205;user1205;Italy;iOS;2025-06-19
1206;user1206;Azerbaijan;iOS;2025-03-02
1207;user1207;Germany;Android;2025-04-11
1208;user1208;Canada;iOS;2025-02-09
1209;user1209;Turkey;iOS;2025-01-01
1210;user1210;UAE;Android;2025-03-17
1211;user1211;Canada;iOS;2025-02-21
1212;user1212;Germany;Android;2025-02-22
1213;user1213;USA;iOS;2025-01-21
1214;user1214;Spain;Android;2025-03-20
1215;user1215;UAE;iOS;2025-05-06
1216;user1216;Azerbaijan;Android;2025-06-14
1217;user1217;Italy;iOS;2025-02-17
1218;user1218;UK;iOS;2025-04-05
1219;user1219;USA;iOS;2025-01-12
1220;user1220;Azerbaijan;iOS;2025-04-30
1221;user1221;Azerbaijan;Android;2025-03-10
1222;user1222;Canada;Android;2025-02-08
1223;user1223;Germany;Android;2025-06-21
1224;user1224;UK;iOS;2025-05-31
1225;user1225;France;Android;2025-04-10
1226;user1226;Italy;iOS;2025-05-18
1227;user1227;Spain;Android;2025-05-02
1228;user1228;Azerbaijan;Android;2025-04-12
1229;user1229;Turkey;Android;2025-01-31
1230;user1230;Spain;Android;2025-02-12
1231;user1231;France;Android;2025-02-02
1232;user1232;Turkey;iOS;2025-01-21
1233;user1233;UAE;Android;2025-06-10
1234;user1234;USA;iOS;2025-03-23
1235;user1235;Germany;Android;2025-04-10
1236;user1236;Italy;iOS;2025-05-22
1237;user1237;UK;iOS;2025-05-14
1238;user1238;Spain;Android;2025-06-29
1239;user1239;Canada;iOS;2025-01-29
1240;user1240;UAE;Android;2025-02-07
1241;user1241;Canada;Android;2025-01-28
1242;user1242;Canada;Android;2025-03-15
1243;user1243;Italy;iOS;2025-04-16
1244;user1244;Azerbaijan;iOS;2025-06-17
1245;user1245;Spain;iOS;2025-01-10
1246;user1246;USA;iOS;2025-04-14
1247;user1247;USA;iOS;2025-01-10
1248;user1248;UAE;iOS;2025-06-26
1249;user1249;France;Android;2025-05-02
1250;user1250;Azerbaijan;iOS;2025-01-06
1251;user1251;UK;iOS;2025-03-21
1252;user1252;Azerbaijan;iOS;2025-06-28
1253;user1253;Germany;Android;2025-02-04
1254;user1254;Azerbaijan;iOS;2025-03-24
1255;user1255;Azerbaijan;iOS;2025-06-04
1256;user1256;Germany;Android;2025-04-24
1257;user1257;France;iOS;2025-05-05
1258;user1258;Italy;iOS;2025-01-15
1259;user1259;Italy;Android;2025-01-17
1260;user1260;Azerbaijan;iOS;2025-02-04
1261;user1261;Italy;Android;2025-02-14
1262;user1262;France;Android;2025-01-15
1263;user1263;France;Android;2025-04-27
1264;user1264;Turkey;iOS;2025-06-30
1265;user1265;France;iOS;2025-04-05
1266;user1266;Spain;iOS;2025-06-12
1267;user1267;Germany;Android;2025-03-03
1268;user1268;UK;iOS;2025-06-02
1269;user1269;Spain;Android;2025-05-02
1270;user1270;Canada;iOS;2025-03-30
1271;user1271;USA;iOS;2025-06-26
1272;user1272;Germany;iOS;2025-01-08
1273;user1273;UAE;Android;2025-02-11
1274;user1274;Canada;Android;2025-02-26
1275;user1275;France;Android;2025-03-10
1276;user1276;UAE;Android;2025-06-24
1277;user1277;Turkey;iOS;2025-02-03
1278;user1278;USA;Android;2025-02-27
1279;user1279;Azerbaijan;iOS;2025-06-14
1280;user1280;Azerbaijan;iOS;2025-04-07
1281;user1281;UK;iOS;2025-03-06
1282;user1282;France;iOS;2025-03-19
1283;user1283;Italy;iOS;2025-05-30
1284;user1284;Germany;Android;2025-05-11
1285;user1285;UK;iOS;2025-03-18
1286;user1286;Germany;iOS;2025-01-17
1287;user1287;UK;iOS;2025-06-13
1288;user1288;UK;iOS;2025-03-08
1289;user1289;Azerbaijan;Android;2025-02-08
1290;user1290;Italy;Android;2025-01-15
1291;user1291;Canada;iOS;2025-06-19
1292;user1292;UK;Android;2025-01-07
1293;user1293;Spain;iOS;2025-03-08
1294;user1294;UAE;iOS;2025-04-10
1295;user1295;Turkey;Android;2025-03-29
1296;user1296;France;iOS;2025-06-21
1297;user1297;UK;iOS;2025-02-13
1298;user1298;Italy;Android;2025-03-17
1299;user1299;Germany;iOS;2025-02-02
1300;user1300;Azerbaijan;Android;2025-06-24
1301;user1301;UK;Android;2025-02-26
1302;user1302;UK;Android;2025-03-20
1303;user1303;UAE;iOS;2025-04-06
1304;user1304;Azerbaijan;iOS;2025-04-29
1305;user1305;Germany;iOS;2025-01-14
1306;user1306;Canada;Android;2025-05-01
1307;user1307;France;Android;2025-06-24
1308;user1308;UAE;iOS;2025-04-16
1309;user1309;Turkey;Android;2025-02-05
1310;user1310;France;iOS;2025-04-15
1311;user1311;Canada;iOS;2025-02-06
1312;user1312;UK;Android;2025-01-21
1313;user1313;Spain;iOS;2025-06-11
1314;user1314;USA;iOS;2025-06-12
1315;user1315;Turkey;Android;2025-04-26
1316;user1316;Azerbaijan;Android;2025-02-13
1317;user1317;Canada;Android;2025-05-06
1318;user1318;Germany;Android;2025-06-07
1319;user1319;UAE;iOS;2025-04-14
1320;user1320;UAE;iOS;2025-04-09
1321;user1321;Turkey;Android;2025-05-17
1322;user1322;France;iOS;2025-01-04
1323;user1323;UK;Android;2025-01-05
1324;user1324;Turkey;Android;2025-02-27
1325;user1325;UK;iOS;2025-02-03
1326;user1326;Germany;iOS;2025-05-09
1327;user1327;Canada;iOS;2025-02-12
1328;user1328;Germany;Android;2025-03-18
1329;user1329;Azerbaijan;iOS;2025-05-14
1330;user1330;Canada;iOS;2025-04-22
1331;user1331;USA;iOS;2025-05-06
1332;user1332;UK;Android;2025-02-12
1333;user1333;UAE;Android;2025-02-28
1334;user1334;France;Android;2025-02-24
1335;user1335;Turkey;Android;2025-02-01
1336;user1336;UK;Android;2025-04-07
1337;user1337;Azerbaijan;Android;2025-06-02
1338;user1338;Turkey;Android;2025-06-17
1339;user1339;Turkey;Android;2025-06-26
1340;user1340;Germany;iOS;2025-04-24
1341;user1341;UAE;Android;2025-05-21
1342;user1342;Azerbaijan;iOS;2025-06-29
1343;user1343;USA;Android;2025-06-27
1344;user1344;Turkey;iOS;2025-04-18
1345;user1345;Germany;iOS;2025-06-09
1346;user1346;Canada;Android;2025-04-18
1347;user1347;Germany;Android;2025-03-14
1348;user1348;Germany;Android;2025-05-08
1349;user1349;France;Android;2025-03-09
1350;user1350;Italy;Android;2025-04-02
1351;user1351;UAE;iOS;2025-02-11
1352;user1352;Turkey;iOS;2025-02-23
1353;user1353;Spain;iOS;2025-03-02
1354;user1354;Turkey;Android;2025-06-21
1355;user1355;Germany;Android;2025-05-27
1356;user1356;Spain;Android;2025-01-24
1357;user1357;Italy;Android;2025-01-26
1358;user1358;Azerbaijan;Android;2025-04-27
1359;user1359;Azerbaijan;iOS;2025-04-29
1360;user1360;Turkey;Android;2025-02-14
1361;user1361;Turkey;iOS;2025-04-03
1362;user1362;UK;iOS;2025-01-30
1363;user1363;Germany;Android;2025-01-03
1364;user1364;USA;Android;2025-03-26
1365;user1365;UK;iOS;2025-06-09
1366;user1366;Azerbaijan;Android;2025-04-06
1367;user1367;UK;Android;2025-01-30
1368;user1368;UAE;iOS;2025-04-27
1369;user1369;Azerbaijan;iOS;2025-06-26
1370;user1370;Spain;iOS;2025-06-16
1371;user1371;USA;Android;2025-02-03
1372;user1372;Turkey;Android;2025-01-27
1373;user1373;UAE;iOS;2025-05-26
1374;user1374;Spain;Android;2025-06-06
1375;user1375;UAE;iOS;2025-06-06
1376;user1376;Turkey;Android;2025-05-04
1377;user1377;Spain;Android;2025-04-16
1378;user1378;Spain;Android;2025-01-17
1379;user1379;Azerbaijan;iOS;2025-01-04
1380;user1380;Italy;Android;2025-06-21
1381;user1381;UK;Android;2025-04-21
1382;user1382;France;iOS;2025-03-30
1383;user1383;UAE;Android;2025-05-23
1384;user1384;Canada;Android;2025-01-03
1385;user1385;USA;iOS;2025-05-07
1386;user1386;USA;Android;2025-05-06
1387;user1387;UK;Android;2025-03-26
1388;user1388;Azerbaijan;Android;2025-05-10
1389;user1389;France;iOS;2025-04-14
1390;user1390;France;Android;2025-04-28
1391;user1391;Spain;iOS;2025-01-23
1392;user1392;Spain;iOS;2025-03-22
1393;user1393;Germany;iOS;2025-06-17
1394;user1394;Turkey;Android;2025-04-14
1395;user1395;UAE;Android;2025-05-23
1396;user1396;Italy;Android;2025-01-24
1397;user1397;Canada;iOS;2025-05-11
1398;user1398;Italy;Android;2025-06-17
1399;user1399;Spain;iOS;2025-04-04
1400;user1400;Turkey;Android;2025-04-27
1401;user1401;UK;iOS;2025-06-18
1402;user1402;UK;iOS;2025-01-30
1403;user1403;Germany;Android;2025-01-01
1404;user1404;UK;iOS;2025-06-12
1405;user1405;Azerbaijan;iOS;2025-06-29
1406;user1406;Germany;Android;2025-02-12
1407;user1407;Spain;Android;2025-04-15
1408;user1408;Germany;iOS;2025-06-06
1409;user1409;France;Android;2025-01-31
1410;user1410;UAE;Android;2025-04-28
1411;user1411;France;iOS;2025-01-28
1412;user1412;UAE;Android;2025-06-12
1413;user1413;Canada;Android;2025-04-26
1414;user1414;Spain;Android;2025-05-08
1415;user1415;Turkey;Android;2025-05-22
1416;user1416;UAE;iOS;2025-05-11
1417;user1417;USA;Android;2025-02-02
1418;user1418;Germany;iOS;2025-06-18
1419;user1419;Canada;iOS;2025-05-10
1420;user1420;UAE;iOS;2025-06-05
1421;user1421;France;iOS;2025-04-12
1422;user1422;UK;iOS;2025-04-26
1423;user1423;USA;Android;2025-04-16
1424;user1424;Canada;iOS;2025-06-29
1425;user1425;Italy;iOS;2025-05-22
1426;user1426;France;Android;2025-02-23
1427;user1427;Canada;iOS;2025-06-25
1428;user1428;UK;Android;2025-06-16
1429;user1429;USA;iOS;2025-01-30
1430;user1430;UK;iOS;2025-05-30
1431;user1431;Canada;iOS;2025-06-22
1432;user1432;Italy;iOS;2025-04-19
1433;user1433;Turkey;Android;2025-01-07
1434;user1434;UAE;Android;2025-01-14
1435;user1435;Turkey;Android;2025-03-10
1436;user1436;USA;iOS;2025-06-24
1437;user1437;Azerbaijan;Android;2025-01-16
1438;user1438;Azerbaijan;Android;2025-05-19
1439;user1439;Turkey;iOS;2025-04-26
1440;user1440;Germany;Android;2025-06-15
1441;user1441;Italy;iOS;2025-03-02
1442;user1442;Italy;iOS;2025-06-27
1443;user1443;Turkey;iOS;2025-04-10
1444;user1444;UAE;iOS;2025-05-22
1445;user1445;Turkey;Android;2025-03-06
1446;user1446;France;iOS;2025-02-27
1447;user1447;UK;Android;2025-02-19
1448;user1448;Azerbaijan;iOS;2025-02-15
1449;user1449;Germany;Android;2025-02-14
1450;user1450;Italy;Android;2025-04-07
1451;user1451;Turkey;iOS;2025-03-13
1452;user1452;Italy;iOS;2025-02-03
1453;user1453;USA;iOS;2025-01-02
1454;user1454;UK;iOS;2025-02-09
1455;user1455;Turkey;Android;2025-03-24
1456;user1456;Canada;Android;2025-06-10
1457;user1457;Canada;iOS;2025-05-06
1458;user1458;Canada;iOS;2025-01-19
1459;user1459;UK;Android;2025-02-17
1460;user1460;Italy;Android;2025-05-10
1461;user1461;USA;iOS;2025-05-20
1462;user1462;Italy;iOS;2025-01-24
1463;user1463;UK;Android;2025-02-24
1464;user1464;UK;iOS;2025-04-03
1465;user1465;Azerbaijan;Android;2025-06-08
1466;user1466;Italy;iOS;2025-05-24
1467;user1467;Turkey;Android;2025-06-21
1468;user1468;UK;iOS;2025-03-03
1469;user1469;Canada;Android;2025-01-11
1470;user1470;UK;iOS;2025-01-30
1471;user1471;UAE;iOS;2025-05-19
1472;user1472;Azerbaijan;Android;2025-05-13
1473;user1473;UK;iOS;2025-05-05
1474;user1474;Turkey;iOS;2025-06-16
1475;user1475;France;iOS;2025-05-12
1476;user1476;Germany;Android;2025-02-12
1477;user1477;Italy;Android;2025-06-10
1478;user1478;Germany;Android;2025-06-21
1479;user1479;France;iOS;2025-01-27
1480;user1480;France;iOS;2025-06-15
1481;user1481;Germany;Android;2025-01-07
1482;user1482;Spain;iOS;2025-01-10
1483;user1483;Germany;Android;2025-01-14
1484;user1484;USA;iOS;2025-05-23
1485;user1485;Germany;Android;2025-03-08
1486;user1486;UAE;iOS;2025-04-26
1487;user1487;UAE;iOS;2025-03-22
1488;user1488;Turkey;iOS;2025-06-22
1489;user1489;Germany;Android;2025-06-14
1490;user1490;Canada;Android;2025-05-30
1491;user1491;Turkey;Android;2025-04-02
1492;user1492;Italy;Android;2025-03-16
1493;user1493;Azerbaijan;Android;2025-03-14
1494;user1494;Spain;iOS;2025-04-12
1495;user1495;Turkey;iOS;2025-02-10
1496;user1496;Italy;Android;2025-02-04
1497;user1497;UAE;iOS;2025-06-12
1498;user1498;USA;iOS;2025-06-23
1499;user1499;UK;Android;2025-05-22
1500;user1500;Italy;Android;2025-02-01
1501;user1501;Turkey;Android;2025-05-27
1502;user1502;Canada;iOS;2025-05-18
1503;user1503;Italy;Android;2025-03-20
1504;user1504;France;iOS;2025-02-24
1505;user1505;UAE;Android;2025-02-11
1506;user1506;USA;Android;2025-06-07
1507;user1507;Azerbaijan;Android;2025-01-30
1508;user1508;USA;Android;2025-05-21
1509;user1509;Spain;Android;2025-03-16
1510;user1510;Germany;iOS;2025-01-26
1511;user1511;France;iOS;2025-03-26
1512;user1512;UK;Android;2025-06-21
1513;user1513;France;Android;2025-03-14
1514;user1514;Canada;Android;2025-02-19
1515;user1515;UK;iOS;2025-04-26
1516;user1516;UK;iOS;2025-06-27
1517;user1517;Canada;Android;2025-05-25
1518;user1518;Canada;iOS;2025-03-22
1519;user1519;UAE;Android;2025-01-02
1520;user1520;UK;Android;2025-02-26
1521;user1521;UAE;iOS;2025-04-03
1522;user1522;USA;iOS;2025-05-03
1523;user1523;Spain;iOS;2025-04-02
1524;user1524;Azerbaijan;iOS;2025-05-22
1525;user1525;Germany;Android;2025-06-15
1526;user1526;Canada;Android;2025-03-13
1527;user1527;USA;Android;2025-03-09
1528;user1528;Germany;Android;2025-01-05
1529;user1529;Italy;Android;2025-05-29
1530;user1530;Canada;iOS;2025-06-01
1531;user1531;France;Android;2025-05-22
1532;user1532;Azerbaijan;iOS;2025-06-17
1533;user1533;USA;iOS;2025-04-11
1534;user1534;France;iOS;2025-02-04
1535;user1535;Spain;Android;2025-04-12
1536;user1536;UK;Android;2025-06-19
1537;user1537;France;Android;2025-05-12
1538;user1538;USA;iOS;2025-02-10
1539;user1539;USA;Android;2025-05-04
1540;user1540;UK;Android;2025-02-26
1541;user1541;Spain;Android;2025-01-17
1542;user1542;Azerbaijan;iOS;2025-03-01
1543;user1543;Turkey;Android;2025-05-13
1544;user1544;UK;iOS;2025-05-01
1545;user1545;Spain;Android;2025-01-11
1546;user1546;UK;Android;2025-06-30
1547;user1547;Italy;iOS;2025-03-09
1548;user1548;Canada;Android;2025-04-07
1549;user1549;UAE;iOS;2025-05-31
1550;user1550;Germany;iOS;2025-04-07
1551;user1551;France;iOS;2025-04-01
1552;user1552;UK;iOS;2025-05-04
1553;user1553;Canada;Android;2025-05-09
1554;user1554;USA;iOS;2025-02-12
1555;user1555;France;Android;2025-05-12
1556;user1556;Azerbaijan;Android;2025-02-08
1557;user1557;USA;Android;2025-04-03
1558;user1558;Canada;Android;2025-06-19
1559;user1559;France;iOS;2025-03-26
1560;user1560;Germany;iOS;2025-06-22
1561;user1561;Spain;iOS;2025-02-23
1562;user1562;Canada;Android;2025-06-15
1563;user1563;UAE;Android;2025-03-04
1564;user1564;Turkey;Android;2025-05-27
1565;user1565;Canada;Android;2025-02-04
1566;user1566;Italy;Android;2025-05-27
1567;user1567;USA;Android;2025-02-12
1568;user1568;Azerbaijan;Android;2025-05-13
1569;user1569;UAE;Android;2025-06-19
1570;user1570;Azerbaijan;Android;2025-02-25
1571;user1571;Spain;iOS;2025-05-04
1572;user1572;USA;Android;2025-04-16
1573;user1573;Canada;Android;2025-05-30
1574;user1574;USA;iOS;2025-02-12
1575;user1575;UK;iOS;2025-06-02
1576;user1576;Canada;Android;2025-02-28
1577;user1577;UAE;iOS;2025-02-03
1578;user1578;Germany;Android;2025-02-21
1579;user1579;Italy;iOS;2025-02-08
1580;user1580;Canada;Android;2025-02-15
1581;user1581;Spain;Android;2025-05-17
1582;user1582;Italy;Android;2025-01-24
1583;user1583;Spain;Android;2025-06-04
1584;user1584;Italy;Android;2025-06-23
1585;user1585;UAE;iOS;2025-04-05
1586;user1586;Turkey;iOS;2025-02-28
1587;user1587;Spain;iOS;2025-03-31
1588;user1588;Canada;Android;2025-04-19
1589;user1589;USA;iOS;2025-05-03
1590;user1590;France;Android;2025-03-14
1591;user1591;Canada;iOS;2025-03-07
1592;user1592;France;Android;2025-01-02
1593;user1593;Canada;Android;2025-05-14
1594;user1594;Turkey;iOS;2025-06-17
1595;user1595;France;iOS;2025-04-15
1596;user1596;UK;Android;2025-02-09
1597;user1597;UAE;iOS;2025-03-08
1598;user1598;Italy;iOS;2025-05-25
1599;user1599;UK;iOS;2025-06-24
1600;user1600;UAE;Android;2025-04-16
1601;user1601;Italy;iOS;2025-02-15
1602;user1602;UK;iOS;2025-03-06
1603;user1603;Azerbaijan;iOS;2025-06-30
1604;user1604;UAE;Android;2025-06-18
1605;user1605;Germany;Android;2025-04-25
1606;user1606;USA;Android;2025-02-24
1607;user1607;Italy;iOS;2025-03-28
1608;user1608;Italy;Android;2025-02-11
1609;user1609;UAE;Android;2025-01-24
1610;user1610;USA;iOS;2025-06-03
1611;user1611;UAE;Android;2025-01-17
1612;user1612;Azerbaijan;Android;2025-04-05
1613;user1613;Germany;Android;2025-04-09
1614;user1614;UAE;iOS;2025-06-02
1615;user1615;Turkey;Android;2025-06-13
1616;user1616;Spain;iOS;2025-01-03
1617;user1617;France;iOS;2025-02-19
1618;user1618;Turkey;Android;2025-06-07
1619;user1619;USA;Android;2025-04-03
1620;user1620;France;Android;2025-02-10
1621;user1621;Germany;iOS;2025-04-13
1622;user1622;UK;iOS;2025-04-14
1623;user1623;Canada;Android;2025-05-13
1624;user1624;Turkey;Android;2025-01-24
1625;user1625;Italy;iOS;2025-05-24
1626;user1626;Canada;iOS;2025-03-30
1627;user1627;Azerbaijan;Android;2025-06-05
1628;user1628;France;iOS;2025-04-14
1629;user1629;Canada;Android;2025-03-08
1630;user1630;USA;iOS;2025-05-10
1631;user1631;Germany;Android;2025-05-09
1632;user1632;Azerbaijan;iOS;2025-01-30
1633;user1633;Italy;iOS;2025-05-18
1634;user1634;Canada;iOS;2025-06-27
1635;user1635;Spain;iOS;2025-05-25
1636;user1636;Spain;Android;2025-03-28
1637;user1637;Spain;iOS;2025-05-31
1638;user1638;Turkey;iOS;2025-01-30
1639;user1639;Azerbaijan;Android;2025-04-08
1640;user1640;France;Android;2025-03-22
1641;user1641;UAE;iOS;2025-05-13
1642;user1642;Italy;Android;2025-06-29
1643;user1643;Azerbaijan;Android;2025-03-15
1644;user1644;Germany;iOS;2025-06-22
1645;user1645;UK;Android;2025-05-22
1646;user1646;USA;iOS;2025-03-22
1647;user1647;UK;Android;2025-05-27
1648;user1648;Azerbaijan;Android;2025-06-24
1649;user1649;France;iOS;2025-02-21
1650;user1650;France;Android;2025-03-09
1651;user1651;France;Android;2025-02-21
1652;user1652;France;iOS;2025-02-09
1653;user1653;Germany;Android;2025-01-21
1654;user1654;Spain;Android;2025-05-19
1655;user1655;Turkey;iOS;2025-04-06
1656;user1656;Canada;iOS;2025-05-07
1657;user1657;Canada;iOS;2025-05-06
1658;user1658;USA;iOS;2025-04-12
1659;user1659;France;Android;2025-01-14
1660;user1660;Italy;iOS;2025-05-03
1661;user1661;Italy;Android;2025-05-09
1662;user1662;UK;iOS;2025-06-25
1663;user1663;USA;iOS;2025-01-31
1664;user1664;Italy;iOS;2025-03-22
1665;user1665;Turkey;Android;2025-06-22
1666;user1666;France;iOS;2025-05-29
1667;user1667;Germany;iOS;2025-04-03
1668;user1668;Canada;iOS;2025-02-17
1669;user1669;Italy;iOS;2025-03-02
1670;user1670;Azerbaijan;iOS;2025-06-06
1671;user1671;UK;iOS;2025-02-17
1672;user1672;Spain;iOS;2025-02-23
1673;user1673;UAE;iOS;2025-04-04
1674;user1674;UAE;iOS;2025-04-26
1675;user1675;USA;Android;2025-05-28
1676;user1676;France;Android;2025-03-11
1677;user1677;France;iOS;2025-04-08
1678;user1678;France;Android;2025-02-08
1679;user1679;Spain;Android;2025-02-15
1680;user1680;UAE;iOS;2025-02-04
1681;user1681;Italy;iOS;2025-05-05
1682;user1682;Azerbaijan;iOS;2025-05-24
1683;user1683;Canada;Android;2025-04-12
1684;user1684;Germany;Android;2025-01-16
1685;user1685;France;iOS;2025-05-02
1686;user1686;Germany;iOS;2025-03-27
1687;user1687;Azerbaijan;iOS;2025-04-03
1688;user1688;Italy;iOS;2025-03-30
1689;user1689;Turkey;iOS;2025-02-01
1690;user1690;UK;Android;2025-05-28
1691;user1691;Canada;Android;2025-03-14
1692;user1692;UK;iOS;2025-06-22
1693;user1693;Italy;iOS;2025-04-25
1694;user1694;Germany;iOS;2025-06-07
1695;user1695;Azerbaijan;iOS;2025-06-11
1696;user1696;USA;Android;2025-06-13
1697;user1697;UK;iOS;2025-06-11
1698;user1698;Canada;iOS;2025-01-19
1699;user1699;Germany;Android;2025-03-29
1700;user1700;France;iOS;2025-03-23
1701;user1701;Azerbaijan;iOS;2025-06-04
1702;user1702;UAE;iOS;2025-04-24
1703;user1703;UK;iOS;2025-04-16
1704;user1704;USA;Android;2025-01-06
1705;user1705;USA;Android;2025-06-19
1706;user1706;Azerbaijan;Android;2025-02-23
1707;user1707;USA;iOS;2025-01-27
1708;user1708;Germany;Android;2025-05-02
1709;user1709;Italy;Android;2025-01-07
1710;user1710;UAE;Android;2025-01-27
1711;user1711;Azerbaijan;Android;2025-01-22
1712;user1712;UAE;iOS;2025-02-28
1713;user1713;France;iOS;2025-04-24
1714;user1714;USA;Android;2025-05-15
1715;user1715;USA;Android;2025-01-09
1716;user1716;UK;iOS;2025-05-02
1717;user1717;Spain;iOS;2025-05-21
1718;user1718;Spain;Android;2025-06-28
1719;user1719;Italy;Android;2025-06-01
1720;user1720;Canada;iOS;2025-06-11
1721;user1721;Canada;iOS;2025-05-15
1722;user1722;Italy;iOS;2025-03-30
1723;user1723;Spain;Android;2025-01-23
1724;user1724;Spain;iOS;2025-04-04
1725;user1725;UAE;iOS;2025-02-09
1726;user1726;Azerbaijan;Android;2025-01-01
1727;user1727;Italy;Android;2025-03-30
1728;user1728;Azerbaijan;iOS;2025-05-17
1729;user1729;Turkey;iOS;2025-05-03
1730;user1730;Azerbaijan;Android;2025-04-21
1731;user1731;Azerbaijan;Android;2025-01-02
1732;user1732;Italy;iOS;2025-02-18
1733;user1733;UAE;iOS;2025-04-12
1734;user1734;France;Android;2025-06-15
1735;user1735;UAE;iOS;2025-02-26
1736;user1736;Azerbaijan;Android;2025-04-19
1737;user1737;France;iOS;2025-03-14
1738;user1738;Italy;iOS;2025-04-16
1739;user1739;France;Android;2025-02-16
1740;user1740;USA;iOS;2025-01-29
1741;user1741;Spain;iOS;2025-03-11
1742;user1742;Canada;iOS;2025-02-18
1743;user1743;UK;Android;2025-02-08
1744;user1744;Turkey;Android;2025-02-17
1745;user1745;Germany;iOS;2025-03-10
1746;user1746;USA;iOS;2025-01-03
1747;user1747;France;Android;2025-02-08
1748;user1748;Turkey;iOS;2025-02-25
1749;user1749;UK;iOS;2025-03-21
1750;user1750;Spain;iOS;2025-04-29
1751;user1751;Turkey;iOS;2025-01-21
1752;user1752;USA;Android;2025-03-10
1753;user1753;UAE;Android;2025-05-20
1754;user1754;Spain;Android;2025-02-19
1755;user1755;Azerbaijan;iOS;2025-01-04
1756;user1756;Germany;Android;2025-04-09
1757;user1757;Spain;Android;2025-01-09
1758;user1758;France;iOS;2025-01-25
1759;user1759;Italy;Android;2025-05-02
1760;user1760;UAE;iOS;2025-03-24
1761;user1761;USA;Android;2025-05-21
1762;user1762;Italy;Android;2025-03-06
1763;user1763;Spain;iOS;2025-02-20
1764;user1764;UK;Android;2025-06-20
1765;user1765;France;Android;2025-03-02
1766;user1766;UAE;iOS;2025-01-04
1767;user1767;USA;iOS;2025-05-30
1768;user1768;Germany;iOS;2025-03-04
1769;user1769;Turkey;Android;2025-05-29
1770;user1770;Spain;Android;2025-04-06
1771;user1771;Germany;Android;2025-02-10
1772;user1772;Spain;Android;2025-06-25
1773;user1773;Canada;iOS;2025-06-10
1774;user1774;Turkey;Android;2025-04-02
1775;user1775;USA;Android;2025-02-02
1776;user1776;Spain;Android;2025-03-23
1777;user1777;Italy;iOS;2025-04-23
1778;user1778;France;Android;2025-06-26
1779;user1779;UAE;iOS;2025-02-04
1780;user1780;Azerbaijan;Android;2025-05-05
1781;user1781;Spain;iOS;2025-05-19
1782;user1782;Spain;Android;2025-05-26
1783;user1783;USA;iOS;2025-03-24
1784;user1784;Spain;iOS;2025-06-03
1785;user1785;Italy;Android;2025-01-18
1786;user1786;Italy;Android;2025-04-26
1787;user1787;Azerbaijan;iOS;2025-05-19
1788;user1788;UK;iOS;2025-01-01
1789;user1789;Italy;iOS;2025-02-17
1790;user1790;Turkey;iOS;2025-06-08
1791;user1791;France;iOS;2025-01-17
1792;user1792;Italy;iOS;2025-02-18
1793;user1793;Italy;iOS;2025-05-22
1794;user1794;USA;iOS;2025-03-24
1795;user1795;UAE;iOS;2025-01-29
1796;user1796;Germany;Android;2025-01-12
1797;user1797;USA;Android;2025-01-09
1798;user1798;France;Android;2025-05-05
1799;user1799;France;Android;2025-01-09
1800;user1800;Canada;iOS;2025-06-18
1801;user1801;Spain;iOS;2025-01-13
1802;user1802;UK;Android;2025-06-05
1803;user1803;Germany;Android;2025-02-23
1804;user1804;Spain;Android;2025-04-30
1805;user1805;Turkey;iOS;2025-05-23
1806;user1806;UAE;iOS;2025-01-15
1807;user1807;Canada;iOS;2025-05-16
1808;user1808;Turkey;Android;2025-03-19
1809;user1809;Germany;Android;2025-05-13
1810;user1810;Germany;Android;2025-03-01
1811;user1811;Italy;iOS;2025-02-18
1812;user1812;France;Android;2025-05-26
1813;user1813;USA;iOS;2025-01-28
1814;user1814;Canada;iOS;2025-06-22
1815;user1815;Spain;iOS;2025-01-27
1816;user1816;USA;Android;2025-05-21
1817;user1817;UAE;iOS;2025-06-18
1818;user1818;USA;iOS;2025-04-01
1819;user1819;UK;iOS;2025-04-06
1820;user1820;UAE;iOS;2025-03-24
1821;user1821;Canada;Android;2025-05-25
1822;user1822;Italy;Android;2025-04-07
1823;user1823;Italy;iOS;2025-04-03
1824;user1824;Spain;iOS;2025-04-12
1825;user1825;Turkey;Android;2025-03-14
1826;user1826;Canada;Android;2025-05-13
1827;user1827;USA;iOS;2025-01-02
1828;user1828;Azerbaijan;Android;2025-02-24
1829;user1829;UK;Android;2025-06-26
1830;user1830;Azerbaijan;Android;2025-01-25
1831;user1831;Turkey;iOS;2025-04-02
1832;user1832;USA;Android;2025-03-09
1833;user1833;UK;Android;2025-03-01
1834;user1834;Azerbaijan;iOS;2025-01-24
1835;user1835;Canada;iOS;2025-05-26
1836;user1836;France;Android;2025-03-25
1837;user1837;Spain;Android;2025-05-05
1838;user1838;Canada;Android;2025-06-02
1839;user1839;Azerbaijan;Android;2025-05-28
1840;user1840;UAE;Android;2025-01-15
1841;user1841;UK;iOS;2025-04-22
1842;user1842;UAE;Android;2025-02-28
1843;user1843;Canada;Android;2025-06-12
1844;user1844;UAE;Android;2025-03-20
1845;user1845;Italy;Android;2025-03-23
1846;user1846;Italy;Android;2025-03-25
1847;user1847;Italy;Android;2025-02-09
1848;user1848;Turkey;iOS;2025-04-25
1849;user1849;Canada;Android;2025-02-26
1850;user1850;UAE;iOS;2025-04-11
1851;user1851;USA;Android;2025-03-28
1852;user1852;Germany;iOS;2025-05-27
1853;user1853;Turkey;iOS;2025-03-09
1854;user1854;Germany;iOS;2025-05-09
1855;user1855;UAE;Android;2025-02-04
1856;user1856;Spain;Android;2025-05-05
1857;user1857;UAE;Android;2025-05-24
1858;user1858;Canada;Android;2025-03-04
1859;user1859;Germany;iOS;2025-04-21
1860;user1860;UK;Android;2025-01-29
1861;user1861;UAE;iOS;2025-04-04
1862;user1862;UK;Android;2025-03-24
1863;user1863;UK;Android;2025-03-20
1864;user1864;USA;iOS;2025-06-07
1865;user1865;Spain;Android;2025-04-23
1866;user1866;Turkey;Android;2025-02-21
1867;user1867;UK;Android;2025-01-22
1868;user1868;Germany;Android;2025-03-04
1869;user1869;Canada;Android;2025-03-15
1870;user1870;Turkey;iOS;2025-06-27
1871;user1871;Germany;iOS;2025-04-26
1872;user1872;Spain;Android;2025-03-26
1873;user1873;France;Android;2025-02-22
1874;user1874;Italy;iOS;2025-05-21
1875;user1875;Spain;Android;2025-06-27
1876;user1876;Turkey;iOS;2025-05-30
1877;user1877;Italy;Android;2025-03-07
1878;user1878;USA;Android;2025-03-14
1879;user1879;France;iOS;2025-01-14
1880;user1880;Spain;Android;2025-01-18
1881;user1881;UAE;iOS;2025-06-19
1882;user1882;UK;Android;2025-01-05
1883;user1883;Azerbaijan;iOS;2025-03-01
1884;user1884;UAE;Android;2025-03-22
1885;user1885;Spain;Android;2025-02-17
1886;user1886;France;iOS;2025-05-24
1887;user1887;Turkey;Android;2025-03-05
1888;user1888;Italy;iOS;2025-03-27
1889;user1889;Spain;iOS;2025-02-10
1890;user1890;Turkey;iOS;2025-06-25
1891;user1891;UK;iOS;2025-06-10
1892;user1892;Azerbaijan;Android;2025-05-09
1893;user1893;Azerbaijan;Android;2025-06-10
1894;user1894;Azerbaijan;iOS;2025-01-08
1895;user1895;Italy;iOS;2025-02-27
1896;user1896;USA;iOS;2025-04-11
1897;user1897;USA;Android;2025-04-08
1898;user1898;Italy;Android;2025-04-17
1899;user1899;France;Android;2025-04-20
1900;user1900;Azerbaijan;iOS;2025-04-25
1901;user1901;Italy;Android;2025-02-22
1902;user1902;USA;Android;2025-02-05
1903;user1903;Azerbaijan;Android;2025-04-21
1904;user1904;USA;Android;2025-03-23
1905;user1905;Germany;Android;2025-02-17
1906;user1906;UK;Android;2025-01-08
1907;user1907;UK;iOS;2025-04-16
1908;user1908;Azerbaijan;iOS;2025-06-13
1909;user1909;Azerbaijan;Android;2025-02-18
1910;user1910;Germany;Android;2025-02-17
1911;user1911;Turkey;iOS;2025-06-05
1912;user1912;Canada;Android;2025-06-02
1913;user1913;France;Android;2025-06-25
1914;user1914;Turkey;iOS;2025-01-21
1915;user1915;Spain;Android;2025-05-09
1916;user1916;Canada;iOS;2025-06-16
1917;user1917;UK;Android;2025-04-10
1918;user1918;Spain;iOS;2025-02-05
1919;user1919;USA;Android;2025-02-27
1920;user1920;Turkey;iOS;2025-01-04
1921;user1921;Azerbaijan;iOS;2025-02-26
1922;user1922;France;Android;2025-01-17
1923;user1923;USA;iOS;2025-06-07
1924;user1924;Spain;iOS;2025-04-28
1925;user1925;France;iOS;2025-04-14
1926;user1926;Turkey;iOS;2025-03-22
1927;user1927;UAE;Android;2025-05-14
1928;user1928;Germany;iOS;2025-04-27
1929;user1929;Turkey;Android;2025-05-13
1930;user1930;Italy;iOS;2025-01-11
1931;user1931;Italy;iOS;2025-05-13
1932;user1932;Turkey;Android;2025-03-16
1933;user1933;Spain;iOS;2025-03-19
1934;user1934;Azerbaijan;iOS;2025-02-12
1935;user1935;UAE;iOS;2025-06-06
1936;user1936;Turkey;Android;2025-04-29
1937;user1937;Spain;Android;2025-05-09
1938;user1938;Germany;Android;2025-05-30
1939;user1939;Italy;Android;2025-04-11
1940;user1940;UAE;iOS;2025-04-26
1941;user1941;Turkey;Android;2025-04-27
1942;user1942;Canada;Android;2025-04-27
1943;user1943;Germany;iOS;2025-03-24
1944;user1944;USA;Android;2025-01-24
1945;user1945;Germany;iOS;2025-06-12
1946;user1946;UK;Android;2025-05-15
1947;user1947;UAE;Android;2025-04-07
1948;user1948;Italy;iOS;2025-01-12
1949;user1949;USA;iOS;2025-05-25
1950;user1950;USA;Android;2025-02-07
1951;user1951;USA;Android;2025-04-18
1952;user1952;Azerbaijan;iOS;2025-04-25
1953;user1953;Azerbaijan;Android;2025-01-31
1954;user1954;USA;Android;2025-01-01
1955;user1955;Canada;iOS;2025-01-04
1956;user1956;Spain;iOS;2025-05-08
1957;user1957;Italy;Android;2025-06-05
1958;user1958;Spain;Android;2025-02-25
1959;user1959;Canada;iOS;2025-04-27
1960;user1960;UAE;iOS;2025-01-21
1961;user1961;Canada;Android;2025-03-04
1962;user1962;Italy;iOS;2025-06-08
1963;user1963;Italy;Android;2025-01-13
1964;user1964;USA;Android;2025-01-15
1965;user1965;UK;Android;2025-02-07
1966;user1966;Turkey;iOS;2025-03-26
1967;user1967;Germany;Android;2025-01-28
1968;user1968;UAE;Android;2025-02-11
1969;user1969;Azerbaijan;Android;2025-04-27
1970;user1970;Canada;iOS;2025-01-10
1971;user1971;Germany;iOS;2025-03-24
1972;user1972;UK;iOS;2025-01-18
1973;user1973;UAE;Android;2025-03-16
1974;user1974;Spain;Android;2025-02-01
1975;user1975;Azerbaijan;iOS;2025-05-15
1976;user1976;UAE;Android;2025-06-28
1977;user1977;France;Android;2025-01-28
1978;user1978;Canada;Android;2025-05-04
1979;user1979;Canada;iOS;2025-04-20
1980;user1980;Canada;iOS;2025-03-08
1981;user1981;Italy;iOS;2025-02-03
1982;user1982;Canada;iOS;2025-05-14
1983;user1983;Spain;iOS;2025-02-16
1984;user1984;Canada;Android;2025-03-16
1985;user1985;France;Android;2025-01-31
1986;user1986;Turkey;iOS;2025-06-10
1987;user1987;Germany;Android;2025-06-07
1988;user1988;UAE;iOS;2025-01-12
1989;user1989;UK;iOS;2025-05-24
1990;user1990;France;Android;2025-06-13
1991;user1991;France;iOS;2025-03-07
1992;user1992;Germany;iOS;2025-03-18
1993;user1993;Italy;iOS;2025-01-02
1994;user1994;Germany;iOS;2025-03-29
1995;user1995;UAE;Android;2025-02-14
1996;user1996;France;iOS;2025-03-28
1997;user1997;Spain;iOS;2025-01-10
1998;user1998;USA;iOS;2025-02-09
1999;user1999;Spain;iOS;2025-04-29
2000;user2000;UAE;Android;2025-05-14
